,Media,Date,Tweet Text,Compound,Positive,Negative,Neutral,Tweets Ago
0,BBC,Fri Jan 05 15:27:42 +0000 2018,"RT @BBCOne: So, what exactly is #HardSun? ? We'll let the cast and creator of the new drama do the explaining. 

Starts Saturday 6th Januar…",0.0,0.0,0.0,1.0,100
1,BBC,Fri Jan 05 14:33:07 +0000 2018,?? An estimated 2.5 billion disposable coffee cups are thrown away every year in the UK. Here are four ways we coul… https://t.co/vbD9THa8mC,0.0,0.0,0.0,1.0,99
2,BBC,Fri Jan 05 14:23:24 +0000 2018,"RT @bbcthree: In 2012, Naomi was the victim of an acid attack carried out by one of her oldest friends. https://t.co/TO8T2go4zq",-0.2732,0.118,0.198,0.684,98
3,BBC,Fri Jan 05 14:00:06 +0000 2018,"How do you keep your New Year's resolution to save cash? ?
This way, honest... https://t.co/vtkNULVdVW https://t.co/8UciSw865E",0.4939,0.176,0.0,0.824,97
4,BBC,Fri Jan 05 13:33:12 +0000 2018,Here's how the weather has looked around the world recently. ? ? ? https://t.co/TTYG5JmFJ1 https://t.co/qsRXK9ocgZ,0.0,0.0,0.0,1.0,96
5,BBC,Fri Jan 05 13:03:03 +0000 2018,New scanning technique reveals secret writing on the papyrus that mummy cases are made from. https://t.co/P3wzAgObHX https://t.co/2DsrzLfTdt,0.0,0.0,0.0,1.0,95
6,BBC,Fri Jan 05 12:30:05 +0000 2018,"When Zac Efron made Michael Jackson cry. ????
#TheGNShow https://t.co/GpSaONsWMG",-0.4767,0.0,0.256,0.744,94
7,BBC,Fri Jan 05 12:02:03 +0000 2018,People commonly believe they shouldn't drink on antibiotics. But the story isn't quite that simple. ??… https://t.co/3xEujlZozj,0.0,0.0,0.0,1.0,93
8,BBC,Fri Jan 05 11:33:04 +0000 2018,"? @JTimberlake has dropped his new track #Filthy! 
Here's everything we know so far about his comeback. ?… https://t.co/67mmIn0j1s",0.0,0.0,0.0,1.0,92
9,BBC,Fri Jan 05 11:00:07 +0000 2018,???? MPs are calling for a 25p #LatteLevy on disposable coffee cups - and a total ban unless recycling improves. Wh… https://t.co/ii2sTS0zJz,-0.2023,0.12,0.154,0.726,91
10,BBC,Fri Jan 05 10:27:02 +0000 2018,"This #NationalBirdDay, immerse yourself in the British countryside with four minutes of uninterrupted footage from… https://t.co/8rGItvhENP",0.0,0.0,0.0,1.0,90
11,BBC,Fri Jan 05 09:00:04 +0000 2018,Trying to stop suicides in Aokigahara forest in Japan. https://t.co/vMts4cvDWh https://t.co/WthsIMR0OY,-0.296,0.0,0.18,0.82,89
12,BBC,Fri Jan 05 08:51:15 +0000 2018,RT @BBCWorld: A celebration of black female photography https://t.co/D0GOq2Ekh3,0.0,0.0,0.0,1.0,88
13,BBC,Fri Jan 05 08:50:54 +0000 2018,RT @BBCNews: First openly transgender woman in British Vogue https://t.co/mFt1oG38ok,0.0,0.0,0.0,1.0,87
14,BBC,Fri Jan 05 08:47:27 +0000 2018,RT @BBCScotlandNews: Meet the electric skateboarders who can cut through traffic at 25mph. Another step closer to Marty McFly’s hoverboard……,-0.2732,0.0,0.1,0.9,86
15,BBC,Fri Jan 05 08:40:01 +0000 2018,RT @BBCNewsbeat: Jack has just touched down in the UK after being rescued from a dog meat farm in South Korea. 2.5 million dogs are killed…,0.4215,0.104,0.0,0.896,85
16,BBC,Fri Jan 05 08:40:01 +0000 2018,How to be a guide runner! ?? https://t.co/deQo8TwhkX,0.0,0.0,0.0,1.0,84
17,BBC,Fri Jan 05 08:21:04 +0000 2018,"'I wound down the window to stroke a lion'. ?
Zoo attacks and the people who survive them. ? https://t.co/2zDKPHayDx https://t.co/i5kBJt8EQw",-0.4404,0.0,0.146,0.854,83
18,BBC,Fri Jan 05 08:00:04 +0000 2018,"What’s life like as a blind, single mum? 
#EverydayHeroes https://t.co/KRAit5faWa",-0.0516,0.205,0.221,0.574,82
19,BBC,Fri Jan 05 07:38:04 +0000 2018,??10 books you need to read in 2018. https://t.co/9tTXN1VmjH https://t.co/OeJTjazpPj,0.0,0.0,0.0,1.0,81
20,BBC,Fri Jan 05 15:27:42 +0000 2018,"RT @BBCOne: So, what exactly is #HardSun? ? We'll let the cast and creator of the new drama do the explaining. 

Starts Saturday 6th Januar…",0.0,0.0,0.0,1.0,80
21,BBC,Fri Jan 05 14:33:07 +0000 2018,?? An estimated 2.5 billion disposable coffee cups are thrown away every year in the UK. Here are four ways we coul… https://t.co/vbD9THa8mC,0.0,0.0,0.0,1.0,79
22,BBC,Fri Jan 05 14:23:24 +0000 2018,"RT @bbcthree: In 2012, Naomi was the victim of an acid attack carried out by one of her oldest friends. https://t.co/TO8T2go4zq",-0.2732,0.118,0.198,0.684,78
23,BBC,Fri Jan 05 14:00:06 +0000 2018,"How do you keep your New Year's resolution to save cash? ?
This way, honest... https://t.co/vtkNULVdVW https://t.co/8UciSw865E",0.4939,0.176,0.0,0.824,77
24,BBC,Fri Jan 05 13:33:12 +0000 2018,Here's how the weather has looked around the world recently. ? ? ? https://t.co/TTYG5JmFJ1 https://t.co/qsRXK9ocgZ,0.0,0.0,0.0,1.0,76
25,BBC,Fri Jan 05 13:03:03 +0000 2018,New scanning technique reveals secret writing on the papyrus that mummy cases are made from. https://t.co/P3wzAgObHX https://t.co/2DsrzLfTdt,0.0,0.0,0.0,1.0,75
26,BBC,Fri Jan 05 12:30:05 +0000 2018,"When Zac Efron made Michael Jackson cry. ????
#TheGNShow https://t.co/GpSaONsWMG",-0.4767,0.0,0.256,0.744,74
27,BBC,Fri Jan 05 12:02:03 +0000 2018,People commonly believe they shouldn't drink on antibiotics. But the story isn't quite that simple. ??… https://t.co/3xEujlZozj,0.0,0.0,0.0,1.0,73
28,BBC,Fri Jan 05 11:33:04 +0000 2018,"? @JTimberlake has dropped his new track #Filthy! 
Here's everything we know so far about his comeback. ?… https://t.co/67mmIn0j1s",0.0,0.0,0.0,1.0,72
29,BBC,Fri Jan 05 11:00:07 +0000 2018,???? MPs are calling for a 25p #LatteLevy on disposable coffee cups - and a total ban unless recycling improves. Wh… https://t.co/ii2sTS0zJz,-0.2023,0.12,0.154,0.726,71
30,BBC,Fri Jan 05 10:27:02 +0000 2018,"This #NationalBirdDay, immerse yourself in the British countryside with four minutes of uninterrupted footage from… https://t.co/8rGItvhENP",0.0,0.0,0.0,1.0,70
31,BBC,Fri Jan 05 09:00:04 +0000 2018,Trying to stop suicides in Aokigahara forest in Japan. https://t.co/vMts4cvDWh https://t.co/WthsIMR0OY,-0.296,0.0,0.18,0.82,69
32,BBC,Fri Jan 05 08:51:15 +0000 2018,RT @BBCWorld: A celebration of black female photography https://t.co/D0GOq2Ekh3,0.0,0.0,0.0,1.0,68
33,BBC,Fri Jan 05 08:50:54 +0000 2018,RT @BBCNews: First openly transgender woman in British Vogue https://t.co/mFt1oG38ok,0.0,0.0,0.0,1.0,67
34,BBC,Fri Jan 05 08:47:27 +0000 2018,RT @BBCScotlandNews: Meet the electric skateboarders who can cut through traffic at 25mph. Another step closer to Marty McFly’s hoverboard……,-0.2732,0.0,0.1,0.9,66
35,BBC,Fri Jan 05 08:40:01 +0000 2018,RT @BBCNewsbeat: Jack has just touched down in the UK after being rescued from a dog meat farm in South Korea. 2.5 million dogs are killed…,0.4215,0.104,0.0,0.896,65
36,BBC,Fri Jan 05 08:40:01 +0000 2018,How to be a guide runner! ?? https://t.co/deQo8TwhkX,0.0,0.0,0.0,1.0,64
37,BBC,Fri Jan 05 08:21:04 +0000 2018,"'I wound down the window to stroke a lion'. ?
Zoo attacks and the people who survive them. ? https://t.co/2zDKPHayDx https://t.co/i5kBJt8EQw",-0.4404,0.0,0.146,0.854,63
38,BBC,Fri Jan 05 08:00:04 +0000 2018,"What’s life like as a blind, single mum? 
#EverydayHeroes https://t.co/KRAit5faWa",-0.0516,0.205,0.221,0.574,62
39,BBC,Fri Jan 05 07:38:04 +0000 2018,??10 books you need to read in 2018. https://t.co/9tTXN1VmjH https://t.co/OeJTjazpPj,0.0,0.0,0.0,1.0,61
40,BBC,Thu Jan 04 20:02:04 +0000 2018,DI Mooney and his team are tested when a billionaire's fiancee falls from a balcony the day before her wedding.… https://t.co/20rEZ2skBZ,0.0,0.0,0.0,1.0,60
41,BBC,Thu Jan 04 19:36:55 +0000 2018,RT @BBCFood: Determined to eat more veggies this year? Here's a good place to start #5aday #vegfest #easy https://t.co/wbhnwXcig1 https://t…,0.6486,0.238,0.0,0.762,59
42,BBC,Thu Jan 04 19:36:51 +0000 2018,"RT @BBCRadio2: Episode 1 of @NileRodgers' Good Times is available now on our website! ?? ?

Join Nile and music aficionado Vicki Wickham as…",0.6588,0.212,0.0,0.788,58
43,BBC,Thu Jan 04 19:36:43 +0000 2018,"RT @BBCOne: ??? 

#DeathInParadise https://t.co/veaTuKtdbW",0.0,0.0,0.0,1.0,57
44,BBC,Thu Jan 04 19:36:33 +0000 2018,"RT @BBCWorld: The moment a moose, which got stuck up to its neck in snow, is set loose by rescuers in Canada https://t.co/5QcJYdxjog",-0.5106,0.0,0.177,0.823,56
45,BBC,Thu Jan 04 19:36:13 +0000 2018,"RT @bbcthree: This Londoner saved £2,500 by not using public transport for an entire year. https://t.co/dHCydGSXsc",0.4215,0.157,0.0,0.843,55
46,BBC,Thu Jan 04 19:00:09 +0000 2018,"When a drugs bust goes wrong on the open ocean...it can go very, very wrong. ? ? 

#ScotSquad https://t.co/2EIkCTunch",-0.7351,0.0,0.307,0.693,54
47,BBC,Thu Jan 04 18:33:03 +0000 2018,The story of female factory workers at the Ford Dagenham plant who fought for equal pay in 1968. ? ?… https://t.co/093IdArQwQ,-0.4019,0.0,0.171,0.829,53
48,BBC,Thu Jan 04 18:03:06 +0000 2018,"Tonight, the @HairyBikers seek out the authentic flavours of Italy. ?? https://t.co/0WTbS2l5Ab

Hairy Bikers' Medit… https://t.co/4AhGUfLCpm",0.0,0.0,0.0,1.0,52
49,BBC,Thu Jan 04 17:00:03 +0000 2018,"'He's better than some adult conductors I've worked with!'

Matthew isn't your average 11-year-old. ?… https://t.co/jjlnXE1hWr",0.4926,0.175,0.0,0.825,51
50,BBC,Thu Jan 04 16:50:21 +0000 2018,RT @bbccomedy: HOW do you keep a straight face while filming 'SMELL MY CHEESE!'? ? @davidschneider #AlanPartridge https://t.co/hDrcEIP4b2,0.2942,0.128,0.0,0.872,50
51,BBC,Thu Jan 04 16:30:07 +0000 2018,"The 11,500-year-old remains of an infant girl from Alaska have shed new light on the peopling of the Americas.… https://t.co/51c3x2Vaic",0.0,0.0,0.0,1.0,49
52,BBC,Thu Jan 04 15:30:07 +0000 2018,"? @RoyalMintUK has produced new coins to mark 2018's biggest anniversaries, including WW1's end &amp; Frankenstein's fi… https://t.co/Nsmg7Cieip",0.0,0.0,0.0,1.0,48
53,BBC,Thu Jan 04 15:03:03 +0000 2018,Iceland has become the first country to enforce equal pay for women and men. ? ?? https://t.co/Agn2tCJqH5 https://t.co/DADnlY4CBX,-0.1027,0.0,0.08,0.92,47
54,BBC,Thu Jan 04 14:30:03 +0000 2018,"The sauce for @Rick_Stein's coconut prawns is a little on the hot side... but so it should be. ??

Full recipe here… https://t.co/1OqvNHn2Wc",0.0,0.0,0.0,1.0,46
55,BBC,Thu Jan 04 14:00:11 +0000 2018,?? 2018 has much to offer at the cinema. Here are 10 must-see flicks to catch this year. ? https://t.co/YsbLytjDdV https://t.co/F2dxX0pwiG,0.0,0.0,0.0,1.0,45
56,BBC,Thu Jan 04 13:57:38 +0000 2018,RT @bbcthree: Meet the young mum and her Insta-famous daughter with celebral palsy. https://t.co/YLc9GGoXJZ,0.0,0.0,0.0,1.0,44
57,BBC,Thu Jan 04 13:33:04 +0000 2018,Time to bust a myth. Not all mammals are warm-blooded. ? https://t.co/rv9SD6WpDe https://t.co/4YXfK6ObXd,0.0,0.0,0.0,1.0,43
58,BBC,Thu Jan 04 13:03:04 +0000 2018,"From a rocket-powered car to the commercial space race, these are the science stories to look forward to this year.… https://t.co/ocfOzY74yp",0.0,0.0,0.0,1.0,42
59,BBC,Thu Jan 04 12:30:03 +0000 2018,"Gary Oldman does Winston Churchill doing James Brown.
For the Oscar... ?

#TheGNShow https://t.co/427M4e5JYb",0.0,0.0,0.0,1.0,41
60,BBC,Thu Jan 04 12:03:03 +0000 2018,Planning on living forever? Here are seven things you need to know about immortality. ? https://t.co/7g2SCTvk2K https://t.co/IyTy8Oodav,0.0,0.0,0.0,1.0,40
61,BBC,Thu Jan 04 11:33:08 +0000 2018,Andy Murray has pulled out of the Australian Open after failing to recover from an ongoing hip injury.… https://t.co/cCMoS2h31A,-0.5106,0.0,0.155,0.845,39
62,BBC,Thu Jan 04 11:28:58 +0000 2018,RT @bbcsoutheast: This dramatic video was taken at Birling Gap yesterday and appears to show a portion of the cliff collapsing. Credit: @na…,0.1027,0.105,0.089,0.806,38
63,BBC,Thu Jan 04 11:23:31 +0000 2018,"What secrets and stories does the house you live in hold?

@DavidOlusoga investigates the history of one house, fro… https://t.co/KZQeG4WBuS",0.0,0.0,0.0,1.0,37
64,BBC,Thu Jan 04 10:30:01 +0000 2018,RT @BBCNewsround: Do you sound different in space? ??? We asked @astro_timpeake to help answer this week's Big Question! https://t.co/bkzPQ…,0.4574,0.136,0.0,0.864,36
65,BBC,Thu Jan 04 10:20:28 +0000 2018,Oscar-winning actress Cate Blanchett is to chair the jury that will pick the award winners at this year's… https://t.co/4wDk8I7ldL,0.765,0.28,0.0,0.72,35
66,BBC,Thu Jan 04 10:14:10 +0000 2018,"RT @CBeebiesHQ: We've peaked and it's only 3rd January! ?

@BBCNewsnight finished with @HEYDUGGEE's Stick Song last night.

RT if you've be…",0.0,0.0,0.0,1.0,34
67,BBC,Thu Jan 04 09:46:03 +0000 2018,"Over eight million people in the UK have an anxiety disorder. If you're struggling, here is some practical advice o… https://t.co/vCrlCmnNQI",-0.7351,0.0,0.286,0.714,33
68,BBC,Thu Jan 04 09:16:07 +0000 2018,2017 in pictures: these photographs reveal what the past year looked like for the UK. ? https://t.co/why5ck9xKk https://t.co/Y31Sy7A5kC,0.3612,0.135,0.0,0.865,32
69,BBC,Thu Jan 04 08:52:02 +0000 2018,The last two dancing bears in Nepal have been freed. But what does the future hold for Rangeela and Sridevi? https://t.co/d6H6QnXVlt,0.4019,0.119,0.0,0.881,31
70,BBC,Thu Jan 04 08:41:21 +0000 2018,RT @BBCRadio2: Those @takethat boys certainly did us proud when they performed live in London over the summer! Re-live their show and perfo…,0.6996,0.216,0.0,0.784,30
71,BBC,Thu Jan 04 08:40:48 +0000 2018,"RT @bbcthesocial: Let's keep the New Year's resolutions realistic, people!

 @MrRossHogg @DuncanCowles https://t.co/iBQd6Yff3y",0.0,0.0,0.0,1.0,29
72,BBC,Thu Jan 04 08:34:33 +0000 2018,Some precipitating factors for the collapse of Western civilisation are already in place. How the West reacts will… https://t.co/dedxlfGts8,-0.4939,0.0,0.151,0.849,28
73,BBC,Thu Jan 04 08:00:03 +0000 2018,"??? It might already feel like it in some parts of the country, but could an ice age happen again? https://t.co/vPsvkRo39S",0.1901,0.08,0.0,0.92,27
74,BBC,Wed Jan 03 19:27:57 +0000 2018,"RT @BBCWales: ?? Over-indulged this Christmas? ? ?

? ? ? ? ? 
Sneak snippets of exercise into your daily life! https://t.co/Dvtoe7fsZv",0.0,0.0,0.0,1.0,26
75,BBC,Wed Jan 03 19:27:10 +0000 2018,"RT @BBCRadio3: ""This is just the most romantic, plunging, yearning, extraordinary thing...""
?  Listen now to Stephen Fry's New Year mixtape…",0.5799,0.209,0.0,0.791,25
76,BBC,Wed Jan 03 19:26:35 +0000 2018,"RT @bbcgetinspired: @BBCR1 DJ @AdeleRoberts has a few January health hacks to get you back on track in 2018.

Borrow a ?! #GetInspired http…",0.0,0.0,0.0,1.0,24
77,BBC,Wed Jan 03 19:24:32 +0000 2018,RT @BBCWorld: Drunk man's New Year's Eve taxi ride through three countries https://t.co/ZYvmYSQdoo,-0.34,0.0,0.167,0.833,23
78,BBC,Wed Jan 03 19:22:58 +0000 2018,"RT @bbcasiannetwork: Halal dating, sex, racism and beauty standards - some of the issues up for discussion in a new TV show for Muslim wome…",-0.0772,0.131,0.142,0.727,22
79,BBC,Wed Jan 03 19:20:58 +0000 2018,RT @bbcrb: We've taken a battering in the West! ?? https://t.co/3BtGxV2jx9,0.0,0.0,0.0,1.0,21
80,BBC,Wed Jan 03 19:20:46 +0000 2018,RT @bbcthree: Feeling opinionated? We need you. https://t.co/1BwHnC97sN,0.128,0.176,0.0,0.824,20
81,BBC,Wed Jan 03 19:20:31 +0000 2018,"RT @BBCOne: If you only knew what you were looking at, you'd see. Organised crime is everywhere. 

Watch the first two episodes of new glob…",-0.5423,0.0,0.127,0.873,19
82,BBC,Wed Jan 03 19:20:24 +0000 2018,RT @bbccomedy: Best. Disguise. EVER! ? @Scotsquad @BBCScotland https://t.co/k6TsG9ug0Q,0.5411,0.36,0.16,0.48,18
83,BBC,Wed Jan 03 19:00:03 +0000 2018,This very special 'paper' made from animal remains could be used in fertility treatments and wound healing. https://t.co/EfULoLaqOo,0.4576,0.15,0.0,0.85,17
84,BBC,Wed Jan 03 18:24:03 +0000 2018,"Miriam Margolyes embarks on an epic road trip through middle America. ?? https://t.co/XPQAHMXv07

Miriam's Big Amer… https://t.co/k2janDRDGC",0.0,0.0,0.0,1.0,16
85,BBC,Wed Jan 03 17:57:04 +0000 2018,"Tonight, @ChefTomKerridge recruits and mentors a group of struggling dieters. Tom Kerridge's Lose Weight For Good.… https://t.co/EpE9YG9o3L",-0.6705,0.0,0.282,0.718,15
86,BBC,Wed Jan 03 17:30:09 +0000 2018,"Mr Fish Finger deserves to be remembered!

Here are 9 things that happened in 2017 that you’ve probably forgotten a… https://t.co/kXhHeL2859",-0.2942,0.0,0.103,0.897,14
87,BBC,Wed Jan 03 17:02:01 +0000 2018,"New year, new start. ? 

@BBCR1 DJ @AdeleRoberts is giving out easy health hacks every day in January so you can st… https://t.co/8fPBaJm8cE",0.6486,0.209,0.0,0.791,13
88,BBC,Wed Jan 03 15:46:04 +0000 2018,"JMW Turner's delicate watercolour paintings can only be shown in January, when the sun is at its weakest.… https://t.co/BY17PV59g5",0.0516,0.062,0.0,0.938,12
89,BBC,Wed Jan 03 14:57:03 +0000 2018,The UK's first polar bear cub in 25 years has been born at a Scottish wildlife park. ? https://t.co/TJG4GnKAFm https://t.co/d3pznlIoL6,0.0,0.0,0.0,1.0,11
90,BBC,Wed Jan 03 14:33:04 +0000 2018,"UK music fans streamed an astonishing 68.1 billion songs last year. That's 1,036 songs each! ?… https://t.co/qGZA7j3mQk",0.0,0.0,0.0,1.0,10
91,BBC,Wed Jan 03 14:00:15 +0000 2018,"From mystical tors to magnificent structures, here are some of the most remarkable sacred sites in the UK. ?… https://t.co/G65X5xs8XA",0.8313,0.302,0.0,0.698,9
92,BBC,Wed Jan 03 13:41:47 +0000 2018,"RT @bbcthree: Beyonce, Eminem and The Weeknd to headline this year's Coachella https://t.co/Id53YSs8hi https://t.co/FXriYoTKpi",0.0,0.0,0.0,1.0,8
93,BBC,Wed Jan 03 13:30:04 +0000 2018,"Limit children's snacks to 100 calories, health body says. ?? https://t.co/KTW5vkMoj0 https://t.co/t6xvL4aUUJ",0.0,0.0,0.0,1.0,7
94,BBC,Wed Jan 03 13:13:52 +0000 2018,RT @BBCWalesNews: ? #StormEleanor has been battering the Welsh coast - watch its winds and waves here: https://t.co/Uz65gM3Hgr,0.0,0.0,0.0,1.0,6
95,BBC,Wed Jan 03 13:13:20 +0000 2018,RT @bbcthree: It's now illegal to pay women less than men in Iceland https://t.co/nLFkPwoeHF https://t.co/GE6nuJQZEE,-0.6124,0.0,0.278,0.722,5
96,BBC,Wed Jan 03 13:13:11 +0000 2018,"RT @CBeebiesHQ: Look who's here ?

Keep your ‘Nocturnal Animals' entertained with Isla Fisher's Bedtime Story ??

She reads ‘A Big Day for…",0.4019,0.114,0.0,0.886,4
97,BBC,Wed Jan 03 13:02:51 +0000 2018,"RT @bbcdoctorwho: When you realise it's been nine years since Matt Smith was announced as the Eleventh Doctor…
#WhereHasTheTimeGone #Doctor…",0.0,0.0,0.0,1.0,3
98,BBC,Wed Jan 03 13:00:10 +0000 2018,A woman who thought for years she had Crohn's disease was found to have pieces of a sauce sachet in her intestine.… https://t.co/fh740RQ6W6,0.0,0.0,0.0,1.0,2
99,BBC,Wed Jan 03 12:30:06 +0000 2018,Think it's cold where you are? Find out how people in the Russian far east cope with living in -50 Celsius. ?? https://t.co/YIgVe77Zey,0.0,0.0,0.0,1.0,1
100,CBS,Thu Jan 04 23:13:02 +0000 2018,"New year, new episodes! Don't miss all-new episodes of @BigBangTheory, @YoungSheldon, @MomCBS, @LifeInPiecesCBS, an… https://t.co/COf6Qg8Mz1",0.1867,0.11,0.0,0.89,100
101,CBS,Thu Jan 04 14:43:09 +0000 2018,"Current nominees @LadyGaga, @LittleBigTown, @Pink, Childish Gambino and more will perform live at the #GRAMMYs, Jan… https://t.co/PlLMasNPwD",-0.296,0.0,0.121,0.879,99
102,CBS,Wed Jan 03 20:33:09 +0000 2018,"RT @startrekcbs: From Airiam to Zefram Cochrane, #StarTrekDiscovery features fascinating new concepts along with classic references. What's…",0.5423,0.179,0.0,0.821,98
103,CBS,Wed Jan 03 19:51:15 +0000 2018,Torres and Bishop went undercover as a criminal couple on the latest episode of #NCIS. Catch up now:… https://t.co/1iTEneHyJS,-0.5267,0.0,0.167,0.833,97
104,CBS,Wed Jan 03 15:00:05 +0000 2018,Do you know all the nominees for Artist Of The Year? Get familiar with this year's GRAMMY® Award nominees ahead of… https://t.co/UQa8Mu9PUV,0.5423,0.143,0.0,0.857,96
105,CBS,Wed Jan 03 12:00:01 +0000 2018,"The new year of new episodes continues tonight with all-new episodes of #AmazingRace, #SEALTeam and #CriminalMinds… https://t.co/bwhNhQgsFC",0.0,0.0,0.0,1.0,95
106,CBS,Wed Jan 03 00:47:26 +0000 2018,"RT @BullCBS: Tonight, can #Bull prove that a teen accused of robbing a jewelry store isn't responsible for the crime? Tune in at 9/8c or st…",-0.7692,0.0,0.267,0.733,94
107,CBS,Tue Jan 02 22:41:51 +0000 2018,It's your last chance to choose the pro football player with the best off-the-field talent! Vote now to decide who… https://t.co/6DjwqU0MB9,0.8516,0.34,0.0,0.66,93
108,CBS,Tue Jan 02 08:00:03 +0000 2018,"New year, new episodes -- all week long! It kicks off with an all-new #NCIS, #Bull and #NCISNOLA tonight starting a… https://t.co/bcmAaUQJtf",0.0,0.0,0.0,1.0,92
109,CBS,Mon Jan 01 01:16:12 +0000 2018,"Due to #NFL football games overrun, revised start times &amp; lineup for Eastern/Central Time Zones Only:
#60Minutes 8:… https://t.co/rqOYbM5j0h",0.0,0.0,0.0,1.0,91
110,CBS,Sun Dec 31 14:37:05 +0000 2017,Get ready for football! Stream NFL on CBS today with #CBSAllAccess. Try 1 month FREE with promo code BINGE (not ava… https://t.co/NEntvW7QHd,0.7798,0.264,0.0,0.736,90
111,CBS,Sat Dec 30 20:25:20 +0000 2017,"RT @NoActivityCBS: All season nothing's happened. Now prepare for activity. Stream the #NoActivity season finale Sunday, Dec 31 on CBS All…",0.0,0.0,0.0,1.0,89
112,CBS,Sat Dec 30 20:24:58 +0000 2017,RT @startrekcbs: Find out what happens when you boldly go too far. #StarTrekDiscovery continues January 7 on CBS All Access: https://t.co/f…,0.3612,0.116,0.0,0.884,88
113,CBS,Fri Dec 29 16:06:02 +0000 2017,Stream NC State Wolfpack at Arizona State Sun Devils LIVE today at 3PM ET with a 1-month FREE trial of… https://t.co/8k50thgtip,0.0857,0.157,0.144,0.699,87
114,CBS,Thu Dec 28 20:31:01 +0000 2017,"In case you missed this star-studded tribute to Carol Burnett's classic comedy series, catch up now! Watch The Caro… https://t.co/wu7BxM9gtm",0.1511,0.121,0.096,0.783,86
115,CBS,Thu Dec 28 19:28:22 +0000 2017,Some of TV's biggest stars saluted @TheNormanLear's impact on television and culture at The 40th Annual Kennedy Cen… https://t.co/E74ChUW1uE,0.0,0.0,0.0,1.0,85
116,CBS,Wed Dec 27 22:45:05 +0000 2017,The search is on to find the pro football player with the best off-the-field talent. Vote for your favorite player… https://t.co/R0fb5ngJ16,0.875,0.357,0.0,0.643,84
117,CBS,Wed Dec 27 21:04:10 +0000 2017,"Celebrate everyone's favorite classic sitcom with Carol Burnett, Vicki Lawrence, and more stars during The Carol Bu… https://t.co/SaiZ9TzBVO",0.7717,0.295,0.0,0.705,83
118,CBS,Wed Dec 27 19:52:02 +0000 2017,Joy to the world of streaming! Try #CBSAllAccess FREE for 1 month – just use code BINGE by 1/2:… https://t.co/9p1ACnslz6,0.8452,0.337,0.0,0.663,82
119,CBS,Wed Dec 27 19:40:34 +0000 2017,"Music legend Stevie Wonder salutes @LionelRichie while performing his classic hit, ""Easy"" at The 40th Annual Kenned… https://t.co/7TeDeNyhgo",0.0,0.0,0.0,1.0,81
120,CBS,Thu Jan 04 23:13:02 +0000 2018,"New year, new episodes! Don't miss all-new episodes of @BigBangTheory, @YoungSheldon, @MomCBS, @LifeInPiecesCBS, an… https://t.co/COf6Qg8Mz1",0.1867,0.11,0.0,0.89,80
121,CBS,Thu Jan 04 14:43:09 +0000 2018,"Current nominees @LadyGaga, @LittleBigTown, @Pink, Childish Gambino and more will perform live at the #GRAMMYs, Jan… https://t.co/PlLMasNPwD",-0.296,0.0,0.121,0.879,79
122,CBS,Wed Jan 03 20:33:09 +0000 2018,"RT @startrekcbs: From Airiam to Zefram Cochrane, #StarTrekDiscovery features fascinating new concepts along with classic references. What's…",0.5423,0.179,0.0,0.821,78
123,CBS,Wed Jan 03 19:51:15 +0000 2018,Torres and Bishop went undercover as a criminal couple on the latest episode of #NCIS. Catch up now:… https://t.co/1iTEneHyJS,-0.5267,0.0,0.167,0.833,77
124,CBS,Wed Jan 03 15:00:05 +0000 2018,Do you know all the nominees for Artist Of The Year? Get familiar with this year's GRAMMY® Award nominees ahead of… https://t.co/UQa8Mu9PUV,0.5423,0.143,0.0,0.857,76
125,CBS,Wed Jan 03 12:00:01 +0000 2018,"The new year of new episodes continues tonight with all-new episodes of #AmazingRace, #SEALTeam and #CriminalMinds… https://t.co/bwhNhQgsFC",0.0,0.0,0.0,1.0,75
126,CBS,Wed Jan 03 00:47:26 +0000 2018,"RT @BullCBS: Tonight, can #Bull prove that a teen accused of robbing a jewelry store isn't responsible for the crime? Tune in at 9/8c or st…",-0.7692,0.0,0.267,0.733,74
127,CBS,Tue Jan 02 22:41:51 +0000 2018,It's your last chance to choose the pro football player with the best off-the-field talent! Vote now to decide who… https://t.co/6DjwqU0MB9,0.8516,0.34,0.0,0.66,73
128,CBS,Tue Jan 02 08:00:03 +0000 2018,"New year, new episodes -- all week long! It kicks off with an all-new #NCIS, #Bull and #NCISNOLA tonight starting a… https://t.co/bcmAaUQJtf",0.0,0.0,0.0,1.0,72
129,CBS,Mon Jan 01 01:16:12 +0000 2018,"Due to #NFL football games overrun, revised start times &amp; lineup for Eastern/Central Time Zones Only:
#60Minutes 8:… https://t.co/rqOYbM5j0h",0.0,0.0,0.0,1.0,71
130,CBS,Sun Dec 31 14:37:05 +0000 2017,Get ready for football! Stream NFL on CBS today with #CBSAllAccess. Try 1 month FREE with promo code BINGE (not ava… https://t.co/NEntvW7QHd,0.7798,0.264,0.0,0.736,70
131,CBS,Sat Dec 30 20:25:20 +0000 2017,"RT @NoActivityCBS: All season nothing's happened. Now prepare for activity. Stream the #NoActivity season finale Sunday, Dec 31 on CBS All…",0.0,0.0,0.0,1.0,69
132,CBS,Sat Dec 30 20:24:58 +0000 2017,RT @startrekcbs: Find out what happens when you boldly go too far. #StarTrekDiscovery continues January 7 on CBS All Access: https://t.co/f…,0.3612,0.116,0.0,0.884,68
133,CBS,Fri Dec 29 16:06:02 +0000 2017,Stream NC State Wolfpack at Arizona State Sun Devils LIVE today at 3PM ET with a 1-month FREE trial of… https://t.co/8k50thgtip,0.0857,0.157,0.144,0.699,67
134,CBS,Thu Dec 28 20:31:01 +0000 2017,"In case you missed this star-studded tribute to Carol Burnett's classic comedy series, catch up now! Watch The Caro… https://t.co/wu7BxM9gtm",0.1511,0.121,0.096,0.783,66
135,CBS,Thu Dec 28 19:28:22 +0000 2017,Some of TV's biggest stars saluted @TheNormanLear's impact on television and culture at The 40th Annual Kennedy Cen… https://t.co/E74ChUW1uE,0.0,0.0,0.0,1.0,65
136,CBS,Wed Dec 27 22:45:05 +0000 2017,The search is on to find the pro football player with the best off-the-field talent. Vote for your favorite player… https://t.co/R0fb5ngJ16,0.875,0.357,0.0,0.643,64
137,CBS,Wed Dec 27 21:04:10 +0000 2017,"Celebrate everyone's favorite classic sitcom with Carol Burnett, Vicki Lawrence, and more stars during The Carol Bu… https://t.co/SaiZ9TzBVO",0.7717,0.295,0.0,0.705,63
138,CBS,Wed Dec 27 19:52:02 +0000 2017,Joy to the world of streaming! Try #CBSAllAccess FREE for 1 month – just use code BINGE by 1/2:… https://t.co/9p1ACnslz6,0.8452,0.337,0.0,0.663,62
139,CBS,Wed Dec 27 19:40:34 +0000 2017,"Music legend Stevie Wonder salutes @LionelRichie while performing his classic hit, ""Easy"" at The 40th Annual Kenned… https://t.co/7TeDeNyhgo",0.0,0.0,0.0,1.0,61
140,CBS,Wed Dec 27 12:00:01 +0000 2017,"As the youngest Kennedy Center Honoree in 40 years, @LLCoolJ talks about what motivates him to chase his dreams. Wa… https://t.co/DFY78y99w3",0.7003,0.234,0.0,0.766,60
141,CBS,Wed Dec 27 07:27:33 +0000 2017,Here's to the 2017 Kennedy Center Honorees! Catch up on an evening of stunning performances and inspiring speeches… https://t.co/jGfANpSCul,0.8398,0.36,0.0,0.64,59
142,CBS,Wed Dec 27 04:00:52 +0000 2017,This celebration could go all night long! What a great final performance in honor of @LionelRichie. #KCHonors https://t.co/xKLWpKr3v0,0.8221,0.336,0.0,0.664,58
143,CBS,Wed Dec 27 03:59:48 +0000 2017,RT @MarkAPrinceJr: A #LionelRichie tribute is not complete without ?All Night Long? ? #KCHonors,0.0,0.0,0.0,1.0,57
144,CBS,Wed Dec 27 03:36:01 +0000 2017,Carmen de Lavallade (@CarmenDances) got emotional during those beautiful performances in her honor. Congratulations… https://t.co/gOCAZpZDpt,0.8271,0.42,0.0,0.58,56
145,CBS,Wed Dec 27 03:35:29 +0000 2017,RT @Glamourtunist: This tribute to Carmen de Lavallade at the #KCHonors is so beautiful and well deserved. ??,0.8103,0.315,0.0,0.685,55
146,CBS,Wed Dec 27 03:03:49 +0000 2017,RT @llcoolj: Attn: #HIPHOP !!!! We made history!! #KCHonors,0.0,0.0,0.0,1.0,54
147,CBS,Wed Dec 27 03:03:26 +0000 2017,.@llcoolj is making history! He’s the Kennedy Center’s first hip-hop honoree. #KCHonors https://t.co/kCqkOdUjtu,0.5255,0.22,0.0,0.78,53
148,CBS,Wed Dec 27 02:57:56 +0000 2017,RT @ErinAnnCullen: #KCHonors is always a night of inspiration. Thank you to these artists for your impact on our country. ???????,0.7096,0.247,0.0,0.753,52
149,CBS,Wed Dec 27 02:48:52 +0000 2017,Give a round of applause to television pioneer and 2017 Honoree @TheNormanLear! #KCHonors https://t.co/20UosF987x,0.7345,0.36,0.0,0.64,51
150,CBS,Wed Dec 27 02:45:34 +0000 2017,RT @AliL: This tribute to Norman Lear on #KCHonors is outstanding AND a walk down my childhood TV memory lane. ???,0.6124,0.174,0.0,0.826,50
151,CBS,Wed Dec 27 02:28:07 +0000 2017,RT @llcoolj: Moments I’ll never forget!!! #KCHonors,0.3699,0.298,0.0,0.702,49
152,CBS,Wed Dec 27 02:26:46 +0000 2017,.@GloriaEstefan approves of those amazing musical performances in her honor! #KCHonors https://t.co/i3EVYEoKRx,0.8748,0.526,0.0,0.474,48
153,CBS,Wed Dec 27 02:20:11 +0000 2017,RT @thepickypantry: Beautiful tribute to @GloriaEstefan on the Kennedy Center Honors. Love Mi Tierra! Amazing and inspiring what a fighter…,0.9601,0.566,0.0,0.434,47
154,CBS,Wed Dec 27 02:00:29 +0000 2017,Time to celebrate the 2017 honorees at The 40th Annual Kennedy Center Honors! Tune in now on CBS and CBS All Access… https://t.co/1OULMpCfPy,0.8908,0.346,0.0,0.654,46
155,CBS,Wed Dec 27 01:08:32 +0000 2017,"Tonight, @LionelRichie, @LLCoolJ, @GloriaEstefan, @TheNormanLear &amp; Carmen de Lavallade will be recognized at The 40… https://t.co/jZJqNo8h3b",0.0,0.0,0.0,1.0,45
156,CBS,Tue Dec 26 12:00:01 +0000 2017,"Don't miss the breathtaking performances, standing ovations and moving tributes that will leave you inspired. Here'… https://t.co/imILa52fjz",0.2415,0.218,0.173,0.61,44
157,CBS,Mon Dec 25 12:00:05 +0000 2017,"Experience the performances and the memories when 2017 Honorees @LionelRichie, @GloriaEstefan, Carmen de Lavallade,… https://t.co/ygbqASVL7t",0.5106,0.191,0.0,0.809,43
158,CBS,Mon Dec 25 00:48:24 +0000 2017,"Due to NFL overrun CBS is delayed 36mins in Charlotte/NC, Cincinnati/OH, Nashville, Atlanta, New Orleans, Baton Rou… https://t.co/20mnbAhpTm",-0.2263,0.0,0.101,0.899,42
159,CBS,Sun Dec 24 20:40:42 +0000 2017,"Tonight, get together and enjoy Christmas Eve with a two-hour marathon of your favorite classic sitcoms! Watch The… https://t.co/SCv8TJy9Yp",0.7574,0.289,0.0,0.711,41
160,CBS,Sun Dec 24 14:17:43 +0000 2017,Get ready for football! Stream NFL on CBS today with #CBSAllAccess. Try 1 month FREE with promo code BINGE! (Not av… https://t.co/6mR4bRR5Ey,0.7974,0.273,0.0,0.727,40
161,CBS,Sun Dec 24 12:30:02 +0000 2017,"All In The Family star @RobReiner gives props to legendary television writer, producer and 2017 Kennedy Center Hono… https://t.co/98jc5i63zE",0.0,0.0,0.0,1.0,39
162,CBS,Sat Dec 23 16:21:17 +0000 2017,"Rapper @BustaRhymes pays tribute to @LLCoolJ, performing his hit song ""Mama Said Knock You Out"" at The 40th Annual… https://t.co/CRjQArUqwd",0.0,0.0,0.0,1.0,38
163,CBS,Sat Dec 23 15:00:02 +0000 2017,"Oh, what fun it is to stream! Start a 1-month FREE trial of #CBSAllAccess now. Use promo code BINGE by 1/2:… https://t.co/rSAnDJDgbI",0.8236,0.286,0.0,0.714,37
164,CBS,Sat Dec 23 12:37:04 +0000 2017,CBS stars are glowing with holiday spirit! See how the stars are getting festive this season:… https://t.co/7qYTHoxFIc,0.7712,0.355,0.0,0.645,36
165,CBS,Sat Dec 23 07:24:44 +0000 2017,Spread some holiday cheer and laugh along with Dick Van Dyke and Mary Tyler Moore in two back-to-back episodes of T… https://t.co/N89JoYvXZW,0.743,0.311,0.107,0.583,35
166,CBS,Sat Dec 23 06:39:45 +0000 2017,Come home for the holidays with Lucy and Ricky in the I Love Lucy Christmas Special! Stream the full show:… https://t.co/s7f9mjEtER,0.8687,0.365,0.0,0.635,34
167,CBS,Sat Dec 23 01:38:37 +0000 2017,"Tonight at 9/8c, gather the family for two hilarious episodes of this classic sitcom in The Dick Van Dyke Show- Now… https://t.co/YcyECVr2NN",-0.1531,0.104,0.127,0.769,33
168,CBS,Sat Dec 23 00:39:52 +0000 2017,Get ready to laugh in the holidays tonight with Lucy and the gang in the I Love Lucy Christmas Special at 8/7c! Str… https://t.co/txU2TwXWOg,0.9422,0.469,0.0,0.531,32
169,CBS,Fri Dec 22 19:35:35 +0000 2017,"Tonight, ring in the holidays with two back-to-back episodes of a timeless comedy classic, now in color! Watch the… https://t.co/skJsgJdQel",0.6588,0.241,0.0,0.759,31
170,CBS,Fri Dec 22 18:03:20 +0000 2017,"Groundbreaking, daring, fearless. This is CBS All Access Originals. 

Sign up now to watch @StarTrekCBS,… https://t.co/kvPsJafYrN",0.6597,0.278,0.0,0.722,30
171,CBS,Fri Dec 22 14:04:52 +0000 2017,2017 Honoree @LLCoolJ is the first hip-hop artist recognized at the #KCHonors! Learn more about the @NCISLA star's… https://t.co/eK91KdBNpG,0.5255,0.159,0.0,0.841,29
172,CBS,Thu Dec 21 12:04:04 +0000 2017,"She's at it again! Tomorrow, relive Lucy's hilarious antics during the I Love Lucy Christmas Special at 8/7c on CBS… https://t.co/g01UGGLEDk",0.8718,0.368,0.0,0.632,28
173,CBS,Thu Dec 21 01:04:27 +0000 2017,"RT @survivorcbs: 6 heroes, 6 healers, 6 hustlers, but only 1 sole #Survivor. Ready to find out who it is? Tune in to the #SurvivorFinale no…",0.6597,0.213,0.0,0.787,27
174,CBS,Wed Dec 20 23:00:04 +0000 2017,Watch @kelly_clarkson deliver a moving performance of 'Christmas Eve' during A Home for the Holidays with… https://t.co/TAcstl7VYh,0.3818,0.157,0.0,0.843,26
175,CBS,Wed Dec 20 21:08:10 +0000 2017,"In two days, celebrate the holidays with the gang with two back-to-back episodes of the classic sitcom during the I… https://t.co/FRr8jX7MXZ",0.743,0.249,0.0,0.751,25
176,CBS,Wed Dec 20 20:10:15 +0000 2017,2017 Honoree @LLCoolJ salutes James Brown for paving the way for artists like himself. Don't miss The 40th Annual K… https://t.co/310Wfk7EoW,0.7222,0.281,0.0,0.719,24
177,CBS,Wed Dec 20 19:31:47 +0000 2017,Singer-songwriter @JoshGroban delivers a powerhouse performance while raising awareness of adoption through foster… https://t.co/FiQKJdx7Ty,0.0,0.0,0.0,1.0,23
178,CBS,Wed Dec 20 15:30:01 +0000 2017,Do you know all the nominees for Album Of The Year? Get familiar with this year's GRAMMY®  Award nominees ahead of… https://t.co/GYnxLT3n4p,0.5423,0.143,0.0,0.857,22
179,CBS,Wed Dec 20 01:01:19 +0000 2017,RT @survivorcbs: This finale is going to be unlike any ending in the history of #Survivor. Don't miss the finale + reunion all starting Wed…,0.1139,0.059,0.0,0.941,21
180,CBS,Wed Dec 20 00:14:34 +0000 2017,"This Friday, gather around the tree and celebrate the holidays with Lucille Ball! Watch two colorized back-to-back… https://t.co/4wopbmS4ez",0.7644,0.292,0.0,0.708,20
181,CBS,Tue Dec 19 21:12:50 +0000 2017,Kevin and Vanessa took a trip back in time on last night's #KevinCanWait. Watch the latest episode now:… https://t.co/SAqbLOd1Pg,0.0,0.0,0.0,1.0,19
182,CBS,Tue Dec 19 21:00:03 +0000 2017,"Find out how to watch A Home for the Holidays with @JoshGroban, featuring performances by @Kelly_Clarkson,… https://t.co/Y6zrR9PigH",0.3818,0.148,0.0,0.852,18
183,CBS,Tue Dec 19 15:30:04 +0000 2017,"In one week, celebrate a night of legends when @LionelRichie, @GloriaEstefan, Carmen de Lavallade (@CarmenDances),… https://t.co/u7eXxb521H",0.5719,0.209,0.0,0.791,17
184,CBS,Tue Dec 19 14:42:58 +0000 2017,"Kick off The 60th Annual #GRAMMYs with @NancyODell, @KevinFrazier &amp; @KeltieKnight as they go behind the scenes with… https://t.co/J6KDEGV1g1",0.0,0.0,0.0,1.0,16
185,CBS,Tue Dec 19 00:39:07 +0000 2017,"Country crooner Luke Bryan (@LukeBryanOnline) honors @LionelRichie with a smooth rendition of his original song, 'P… https://t.co/XIF7ESukR8",0.6808,0.286,0.0,0.714,15
186,CBS,Mon Dec 18 22:53:34 +0000 2017,The search is on to find the pro football player with the best off-the-field talent. Vote for your favorite player… https://t.co/7uXC3SEz96,0.875,0.357,0.0,0.643,14
187,CBS,Mon Dec 18 21:32:25 +0000 2017,"It's the greatest gift a family can give. Celebrate adoption with superstars @JoshGroban, @Kelly_Clarkson,… https://t.co/1wc6meuGF7",0.8957,0.495,0.0,0.505,13
188,CBS,Mon Dec 18 18:40:55 +0000 2017,"Mark your calendars! @NCISLA star @LLCoolJ will host MVP: Most Valuable Performer, a new interactive talent show to… https://t.co/s2LilAv50X",0.7569,0.288,0.0,0.712,12
189,CBS,Mon Dec 18 00:42:56 +0000 2017,"Approximate start times for #CBS tonight (East &amp; Midwest):
#60Minutes 7:38p/6:38c
#WisdomoftheCrowd 8:38p/7:38c… https://t.co/tFKrUBcv8B",0.0,0.0,0.0,1.0,11
190,CBS,Mon Dec 18 00:00:40 +0000 2017,"RT @kencen: Look back on favorite #KCHonors tributes before the Dec. 26 @CBS broadcast! From 2002: @aliciakeys sings ""Bridge Over Troubled…",0.5093,0.141,0.0,0.859,10
191,CBS,Sun Dec 17 17:48:58 +0000 2017,"This Friday, you won't want to miss this priceless treasure when the I Love Lucy Christmas Special airs at 8/7c on… https://t.co/oyC9YDno00",0.8527,0.38,0.044,0.576,9
192,CBS,Sun Dec 17 15:39:38 +0000 2017,Get ready for football! Stream NFL on CBS today with #CBSAllAccess. Try 1 week FREE (not available on mobile phones… https://t.co/cNMa11dmza,0.7798,0.275,0.0,0.725,8
193,CBS,Sat Dec 16 18:29:05 +0000 2017,RT @HawaiiFive0CBS: Was it all a dream? Catch up on the #H50 Fall Finale: https://t.co/PDeOIaDGqu https://t.co/msEijhSSJH,0.25,0.125,0.0,0.875,7
194,CBS,Sat Dec 16 12:00:07 +0000 2017,"In less than a week, Lucy and Ricky will return to your screens... in full color! Don't miss two back-to-back episo… https://t.co/rtmvB5Cj1D",0.1867,0.08,0.0,0.92,6
195,CBS,Fri Dec 15 20:23:58 +0000 2017,Do you know all the nominees for Record Of The Year? Get familiar with this year's GRAMMY® Award nominees ahead of… https://t.co/lXDIu1STfq,0.5423,0.143,0.0,0.857,5
196,CBS,Fri Dec 15 14:43:08 +0000 2017,'Elton John: I'm Still Standing - A GRAMMY® Salute' will celebrate Elton John's legendary career and timeless hits!… https://t.co/6M38jQQpTA,0.6114,0.2,0.0,0.8,4
197,CBS,Thu Dec 14 19:13:25 +0000 2017,"Get to know 2017 Kennedy Center honorees @LLCoolJ, Carmen de Lavallade (@CarmenDances), @GloriaEstefan,… https://t.co/RGe3zqmY08",0.5106,0.202,0.0,0.798,3
198,CBS,Wed Dec 13 23:20:01 +0000 2017,"So close, yet so far away. Which #Survivor Castaways Will Earn Their Spot In The Final Five? More:… https://t.co/efeBVa4p26",0.0,0.0,0.0,1.0,2
199,CBS,Wed Dec 13 18:56:58 +0000 2017,RT @BandB_CBS: Take a walk down #BoldandBeautiful memory lane! RT your favorite #Steam moment. https://t.co/kxeD2br8Tc,0.5093,0.202,0.0,0.798,1
200,CNN,Fri Jan 05 15:56:26 +0000 2018,Trump's first-year jobs record was strong. Just not as strong as Obama's last year. https://t.co/u4Htz8d0Nq https://t.co/FC11KgiDYR,0.765,0.32,0.0,0.68,100
201,CNN,Fri Jan 05 15:38:28 +0000 2018,"JetBlue says it's handing out $21 million worth of bonuses to employees because of the corporate tax cut -- all 21,… https://t.co/6vNL9Ih1HC",0.5267,0.207,0.079,0.714,99
202,CNN,Fri Jan 05 15:22:09 +0000 2018,Researchers have revealed two vulnerabilities in computer processors affecting billions of devices around the world… https://t.co/Mrm5lXXCwz,-0.1531,0.0,0.096,0.904,98
203,CNN,Fri Jan 05 15:06:20 +0000 2018,Apple says all Macs and iOS devices affected by chip flaws https://t.co/nyPQOoB7eJ https://t.co/YoXxH1DBk4,-0.1531,0.0,0.118,0.882,97
204,CNN,Fri Jan 05 14:51:17 +0000 2018,Book fury hits Trump where it hurts most -- his image | Analysis by Stephen Collinson https://t.co/tFkSAizLUk https://t.co/zs9rHmtoB8,-0.7783,0.0,0.312,0.688,96
205,CNN,Fri Jan 05 14:37:10 +0000 2018,"As the attorney general plans to roll back hands-off marijuana policies from the Obama era, you may be wondering: “… https://t.co/nW9LkMZNPA",0.0,0.0,0.0,1.0,95
206,CNN,Fri Jan 05 14:29:25 +0000 2018,The US is suspending security assistance to Pakistan over what it says is a failure by the country to adequately cr… https://t.co/FZqagoO0bZ,-0.2263,0.097,0.134,0.769,94
207,CNN,Fri Jan 05 14:17:59 +0000 2018,"Cars were trapped in frozen floodwaters outside Boston on Thursday as frigid temperatures, ice and wind battered th… https://t.co/wkRR5Khtj0",-0.5267,0.0,0.159,0.841,93
208,CNN,Fri Jan 05 14:06:52 +0000 2018,The US economy added more than 2 million jobs in 2017. The unemployment rate stayed at 4.1%. https://t.co/4S9yAw3HZX https://t.co/r6tYIDfYVb,-0.4404,0.0,0.146,0.854,92
209,CNN,Fri Jan 05 13:52:30 +0000 2018,Michael Wolff says he appreciates all the free promotion for his book from President Trump https://t.co/lWGdm79npD,0.765,0.32,0.0,0.68,91
210,CNN,Fri Jan 05 13:39:34 +0000 2018,The good news: the major storm that gripped the East Coast of the US is moving away. The bad news: the Northeast is… https://t.co/rFcGcpOx8L,-0.1531,0.102,0.123,0.775,90
211,CNN,Fri Jan 05 13:26:21 +0000 2018,Toshiba's disastrous foray into the US nuclear business is coming to an end -- the Japanese conglomerate is selling… https://t.co/6t2KTE9gpQ,-0.5994,0.0,0.17,0.83,89
212,CNN,Fri Jan 05 13:11:41 +0000 2018,Mark Zuckerberg's goal for 2018 is to fix Facebook https://t.co/vB9mo1T5HJ https://t.co/TEXQ16M3oK,0.0,0.0,0.0,1.0,88
213,CNN,Fri Jan 05 12:58:21 +0000 2018,Caste violence erupts in India over 200-year-old faultline https://t.co/VwlW6PNEpC https://t.co/ZK2Z81ju1Q,-0.6249,0.0,0.313,0.687,87
214,CNN,Fri Jan 05 12:45:49 +0000 2018,Apple says all Macs and iOS devices affected by chip flaws https://t.co/F4GBhaMhUC https://t.co/drCnPAp3GL,-0.1531,0.0,0.118,0.882,86
215,CNN,Fri Jan 05 12:33:34 +0000 2018,Serena Williams won't be defending her Australian Open title after the American withdrew from the first grand slam… https://t.co/tEPJM1n1y9,0.4588,0.143,0.0,0.857,85
216,CNN,Fri Jan 05 12:27:16 +0000 2018,"RT @CNNPolitics: President Trump insisted on a false story about the 2016 Trump Tower meeting, a new book alleges https://t.co/B7rX2VwNi6 h…",0.0,0.0,0.0,1.0,84
217,CNN,Fri Jan 05 12:21:02 +0000 2018,Book fury hits Trump where it hurts most -- his image | Analysis by Stephen Collinson https://t.co/9hdey99Rns https://t.co/fcXnBsaHG8,-0.7783,0.0,0.312,0.688,83
218,CNN,Fri Jan 05 11:50:35 +0000 2018,North Korea has accepted South Korea's proposal for official talks. The person-to-person talks will be held on Janu… https://t.co/adEIDdGFFQ,0.2732,0.104,0.0,0.896,82
219,CNN,Fri Jan 05 11:39:05 +0000 2018,North Korea has accepted South Korea's proposal for official talks. The person-to-person talks will be held on Janu… https://t.co/9uKy1UCJHP,0.2732,0.104,0.0,0.896,81
220,CNN,Fri Jan 05 15:56:26 +0000 2018,Trump's first-year jobs record was strong. Just not as strong as Obama's last year. https://t.co/u4Htz8d0Nq https://t.co/FC11KgiDYR,0.765,0.32,0.0,0.68,80
221,CNN,Fri Jan 05 15:38:28 +0000 2018,"JetBlue says it's handing out $21 million worth of bonuses to employees because of the corporate tax cut -- all 21,… https://t.co/6vNL9Ih1HC",0.5267,0.207,0.079,0.714,79
222,CNN,Fri Jan 05 15:22:09 +0000 2018,Researchers have revealed two vulnerabilities in computer processors affecting billions of devices around the world… https://t.co/Mrm5lXXCwz,-0.1531,0.0,0.096,0.904,78
223,CNN,Fri Jan 05 15:06:20 +0000 2018,Apple says all Macs and iOS devices affected by chip flaws https://t.co/nyPQOoB7eJ https://t.co/YoXxH1DBk4,-0.1531,0.0,0.118,0.882,77
224,CNN,Fri Jan 05 14:51:17 +0000 2018,Book fury hits Trump where it hurts most -- his image | Analysis by Stephen Collinson https://t.co/tFkSAizLUk https://t.co/zs9rHmtoB8,-0.7783,0.0,0.312,0.688,76
225,CNN,Fri Jan 05 14:37:10 +0000 2018,"As the attorney general plans to roll back hands-off marijuana policies from the Obama era, you may be wondering: “… https://t.co/nW9LkMZNPA",0.0,0.0,0.0,1.0,75
226,CNN,Fri Jan 05 14:29:25 +0000 2018,The US is suspending security assistance to Pakistan over what it says is a failure by the country to adequately cr… https://t.co/FZqagoO0bZ,-0.2263,0.097,0.134,0.769,74
227,CNN,Fri Jan 05 14:17:59 +0000 2018,"Cars were trapped in frozen floodwaters outside Boston on Thursday as frigid temperatures, ice and wind battered th… https://t.co/wkRR5Khtj0",-0.5267,0.0,0.159,0.841,73
228,CNN,Fri Jan 05 14:06:52 +0000 2018,The US economy added more than 2 million jobs in 2017. The unemployment rate stayed at 4.1%. https://t.co/4S9yAw3HZX https://t.co/r6tYIDfYVb,-0.4404,0.0,0.146,0.854,72
229,CNN,Fri Jan 05 13:52:30 +0000 2018,Michael Wolff says he appreciates all the free promotion for his book from President Trump https://t.co/lWGdm79npD,0.765,0.32,0.0,0.68,71
230,CNN,Fri Jan 05 13:39:34 +0000 2018,The good news: the major storm that gripped the East Coast of the US is moving away. The bad news: the Northeast is… https://t.co/rFcGcpOx8L,-0.1531,0.102,0.123,0.775,70
231,CNN,Fri Jan 05 13:26:21 +0000 2018,Toshiba's disastrous foray into the US nuclear business is coming to an end -- the Japanese conglomerate is selling… https://t.co/6t2KTE9gpQ,-0.5994,0.0,0.17,0.83,69
232,CNN,Fri Jan 05 13:11:41 +0000 2018,Mark Zuckerberg's goal for 2018 is to fix Facebook https://t.co/vB9mo1T5HJ https://t.co/TEXQ16M3oK,0.0,0.0,0.0,1.0,68
233,CNN,Fri Jan 05 12:58:21 +0000 2018,Caste violence erupts in India over 200-year-old faultline https://t.co/VwlW6PNEpC https://t.co/ZK2Z81ju1Q,-0.6249,0.0,0.313,0.687,67
234,CNN,Fri Jan 05 12:45:49 +0000 2018,Apple says all Macs and iOS devices affected by chip flaws https://t.co/F4GBhaMhUC https://t.co/drCnPAp3GL,-0.1531,0.0,0.118,0.882,66
235,CNN,Fri Jan 05 12:33:34 +0000 2018,Serena Williams won't be defending her Australian Open title after the American withdrew from the first grand slam… https://t.co/tEPJM1n1y9,0.4588,0.143,0.0,0.857,65
236,CNN,Fri Jan 05 12:27:16 +0000 2018,"RT @CNNPolitics: President Trump insisted on a false story about the 2016 Trump Tower meeting, a new book alleges https://t.co/B7rX2VwNi6 h…",0.0,0.0,0.0,1.0,64
237,CNN,Fri Jan 05 12:21:02 +0000 2018,Book fury hits Trump where it hurts most -- his image | Analysis by Stephen Collinson https://t.co/9hdey99Rns https://t.co/fcXnBsaHG8,-0.7783,0.0,0.312,0.688,63
238,CNN,Fri Jan 05 11:50:35 +0000 2018,North Korea has accepted South Korea's proposal for official talks. The person-to-person talks will be held on Janu… https://t.co/adEIDdGFFQ,0.2732,0.104,0.0,0.896,62
239,CNN,Fri Jan 05 11:39:05 +0000 2018,North Korea has accepted South Korea's proposal for official talks. The person-to-person talks will be held on Janu… https://t.co/9uKy1UCJHP,0.2732,0.104,0.0,0.896,61
240,CNN,Fri Jan 05 10:51:05 +0000 2018,The good news: the major storm that gripped the East Coast of the US is moving away. The bad news: the Northeast is… https://t.co/5zdTbjZArf,-0.1531,0.102,0.123,0.775,60
241,CNN,Fri Jan 05 10:13:36 +0000 2018,The US is suspending security assistance to Pakistan over what it says is a failure by the country to adequately cr… https://t.co/vDazvNPtEl,-0.2263,0.097,0.134,0.769,59
242,CNN,Fri Jan 05 09:45:37 +0000 2018,Apple says all Macs and iOS devices affected by chip flaws https://t.co/mzcrfaQRs6 https://t.co/q2mFCTfGkP,-0.1531,0.0,0.118,0.882,58
243,CNN,Fri Jan 05 09:17:04 +0000 2018,Book fury hits Trump where it hurts most -- his image | Analysis by Stephen Collinson https://t.co/jvy6hcEwgl https://t.co/Jd0GPfzamr,-0.7783,0.0,0.312,0.688,57
244,CNN,Fri Jan 05 09:08:07 +0000 2018,"World's longest glass bridge opens in Hebei, China https://t.co/x2LXU1WTsX (via @CNNTravel) https://t.co/YDQBpZ4jxc",0.0,0.0,0.0,1.0,56
245,CNN,Fri Jan 05 08:59:08 +0000 2018,Mark Zuckerberg's goal for 2018 is to fix Facebook https://t.co/yUiNF4XUz9 https://t.co/6iLFyTHowi,0.0,0.0,0.0,1.0,55
246,CNN,Fri Jan 05 08:49:32 +0000 2018,Serena Williams won't be defending her Australian Open title after the American withdrew from the first grand slam… https://t.co/CaVURk0eXy,0.4588,0.143,0.0,0.857,54
247,CNN,Fri Jan 05 08:39:25 +0000 2018,Caste violence erupts in India over 200-year-old faultline https://t.co/i8v1VWyplO https://t.co/9vC2AWAEID,-0.6249,0.0,0.313,0.687,53
248,CNN,Fri Jan 05 08:30:37 +0000 2018,Toshiba's disastrous foray into the US nuclear business is coming to an end -- the Japanese conglomerate is selling… https://t.co/3fe3iUXrsq,-0.5994,0.0,0.17,0.83,52
249,CNN,Fri Jan 05 08:17:38 +0000 2018,North Korea has accepted South Korea's proposal for official talks. The person-to-person talks will be held on Janu… https://t.co/Zot7j1Ly1c,0.2732,0.104,0.0,0.896,51
250,CNN,Fri Jan 05 08:04:11 +0000 2018,"Egypt and Liverpool striker Mohamed Salah has been named African Player of the Year, beating his club teammate Sadi… https://t.co/WSJrWPa864",-0.4588,0.0,0.136,0.864,50
251,CNN,Fri Jan 05 07:45:04 +0000 2018,Researchers have revealed two vulnerabilities in computer processors affecting billions of devices around the world… https://t.co/R5XbKOH5NY,-0.1531,0.0,0.096,0.904,49
252,CNN,Fri Jan 05 07:30:15 +0000 2018,This amateur astronomer took a unique photo of the International Space Station passing in front of the sun… https://t.co/lkeu6Pj05f,0.0,0.0,0.0,1.0,48
253,CNN,Fri Jan 05 07:15:05 +0000 2018,Sean Spicer on his time as White House press secretary: There were times I screwed up https://t.co/EbFVGkhl3J https://t.co/B35E1qmGpQ,-0.4939,0.0,0.167,0.833,47
254,CNN,Fri Jan 05 07:08:03 +0000 2018,Book fury hits Trump where it hurts most -- his image | Analysis by Stephen Collinson https://t.co/0Jc6vl5MkY https://t.co/hdaWF35WL8,-0.7783,0.0,0.312,0.688,46
255,CNN,Fri Jan 05 07:00:08 +0000 2018,Hours after a personal attorney for President Trump sent a cease and desist letter to the publisher and author of a… https://t.co/GCjDh0DwVG,0.0,0.0,0.0,1.0,45
256,CNN,Fri Jan 05 06:53:06 +0000 2018,Beachwear buyout: Quiksilver is merging with Billabong https://t.co/9T2rEqfBPX https://t.co/SG1DMJfdyo,0.0,0.0,0.0,1.0,44
257,CNN,Fri Jan 05 06:45:07 +0000 2018,The case for President Trump's mental fitness | Analysis by @CillizzaCNN https://t.co/RPmVENn04A https://t.co/JD9p20ZBmx,0.2732,0.16,0.0,0.84,43
258,CNN,Fri Jan 05 06:30:08 +0000 2018,Lettuce suspected in deadly E. coli outbreak in the US https://t.co/cuLrWH6vy3 https://t.co/e4vxKiPRjM,-0.2263,0.0,0.147,0.853,42
259,CNN,Fri Jan 05 06:15:04 +0000 2018,States that allow marijuana use reacted with frustration to Attorney General Jeff Sessions' rescinding of Obama-era… https://t.co/faKX8K8jhB,-0.296,0.095,0.155,0.75,41
260,CNN,Fri Jan 05 06:00:23 +0000 2018,"Eating fish improves kids' IQ scores and sleep, a new study says https://t.co/6u9t2rlWnL https://t.co/pRyHRswkMs",0.4215,0.189,0.0,0.811,40
261,CNN,Fri Jan 05 05:46:13 +0000 2018,"Massive winter storm brought subfreezing temperatures, high winds and flooding to the East Coast… https://t.co/N1G4vi2awN",0.0,0.0,0.0,1.0,39
262,CNN,Fri Jan 05 05:41:38 +0000 2018,"Chunks of ice, and even an ice machine, were seen floating in flood waters in Scituate Harbor, Massachusetts, as th… https://t.co/6ln79LSZFl",0.0,0.0,0.0,1.0,38
263,CNN,Fri Jan 05 05:30:06 +0000 2018,Mark Zuckerberg's goal for 2018 is to fix Facebook https://t.co/8RIxUwWkpM https://t.co/fShimnXaFN,0.0,0.0,0.0,1.0,37
264,CNN,Fri Jan 05 05:16:43 +0000 2018,"This is how it looked today in Brant Rock, Massachusetts, as storm surge from the massive winter storm moving up th… https://t.co/YaudxRbH6A",0.0,0.0,0.0,1.0,36
265,CNN,Fri Jan 05 05:08:06 +0000 2018,President Trump has stepped up attacks against a new book by Michael Wolff about his campaign and the early days of… https://t.co/Cy4w3CnhoJ,-0.4404,0.0,0.127,0.873,35
266,CNN,Fri Jan 05 05:00:07 +0000 2018,The US is suspending security assistance to Pakistan over what it says is a failure by the country to adequately cr… https://t.co/xPSCUHrdhr,-0.2263,0.097,0.134,0.769,34
267,CNN,Fri Jan 05 04:48:53 +0000 2018,"How director Ava DuVernay is making the entertainment industry more reflective of the world we live in, one distinc… https://t.co/2aIhwqxEX0",0.4215,0.128,0.0,0.872,33
268,CNN,Fri Jan 05 04:30:07 +0000 2018,Researchers have revealed two vulnerabilities in computer processors affecting billions of devices around the world… https://t.co/gecBIftGrl,-0.1531,0.0,0.096,0.904,32
269,CNN,Fri Jan 05 04:22:07 +0000 2018,Caste violence erupts in India over 200-year-old faultline https://t.co/ztapkLpRT1 https://t.co/yDbkwrE5Hm,-0.6249,0.0,0.313,0.687,31
270,CNN,Fri Jan 05 04:15:10 +0000 2018,Tension is brewing between the US and Europe over how the international community should address the deadly protest… https://t.co/hdfI2fIKdn,-0.3182,0.0,0.113,0.887,30
271,CNN,Fri Jan 05 04:08:06 +0000 2018,"President Trump considered replacing Neil Gorsuch with Rudy Giuliani, according to Michael Wolff's new book… https://t.co/8lyGyAqJ1V",0.0,0.0,0.0,1.0,29
272,CNN,Fri Jan 05 04:00:20 +0000 2018,"World's longest glass bridge opens in Hebei, China https://t.co/uPVkc6ut5j (via @CNNTravel) https://t.co/GHaLg53elN",0.0,0.0,0.0,1.0,28
273,CNN,Fri Jan 05 03:50:57 +0000 2018,"North Korea has accepted South Korea's proposal for official talks, in what will be the first high-level contact to… https://t.co/U501mnA8rX",0.2732,0.1,0.0,0.9,27
274,CNN,Fri Jan 05 03:45:14 +0000 2018,Construction has begun on a $2.3 billion project to extend the natural contour of Monaco’s coastline a further 15 a… https://t.co/P3sKM6Gwct,0.4939,0.198,0.0,0.802,26
275,CNN,Fri Jan 05 03:30:08 +0000 2018,The US Food and Drug Administration issued new guidance to the food industry. The agency has been criticized recent… https://t.co/VvOOqd2M0K,-0.3612,0.0,0.116,0.884,25
276,CNN,Fri Jan 05 03:20:06 +0000 2018,Washington state offers third gender option on birth certificates https://t.co/xfo3dg35dP https://t.co/oyOxsaMO4s,0.0,0.0,0.0,1.0,24
277,CNN,Fri Jan 05 03:10:11 +0000 2018,Judge rules Fusion GPS bank records must be turned over to House Russia probe https://t.co/zx9KBOzaI0 https://t.co/e60ZG3bAV8,0.0,0.0,0.0,1.0,23
278,CNN,Fri Jan 05 03:00:21 +0000 2018,States that allow marijuana use reacted with frustration to Attorney General Jeff Sessions' rescinding of Obama-era… https://t.co/91JEftM0zp,-0.296,0.095,0.155,0.75,22
279,CNN,Fri Jan 05 02:50:50 +0000 2018,Special counsel Robert Mueller is aware of an unsuccessful attempt by President Trump to lobby Attorney General Jef… https://t.co/Fomoo7xT9q,0.0772,0.17,0.112,0.717,21
280,CNN,Fri Jan 05 02:50:03 +0000 2018,White House spokesman: Steve Bannon produced 'zero' results https://t.co/6tn3ui2qlH https://t.co/RRGHW2LQSx,0.0,0.0,0.0,1.0,20
281,CNN,Fri Jan 05 02:39:34 +0000 2018,North Korea has accepted South Korea's proposal for official talks. The person-to-person talks will be held on Janu… https://t.co/bmGdXBPocf,0.2732,0.104,0.0,0.896,19
282,CNN,Fri Jan 05 02:35:07 +0000 2018,"House Speaker Paul Ryan backed fellow congressional Republican, House Intelligence Chairman Devin Nunes, in spat wi… https://t.co/zp3QYx4rFC",0.4939,0.219,0.0,0.781,18
283,CNN,Fri Jan 05 02:25:28 +0000 2018,Lunching with Betty White is just as entertaining as you might imagine. The comedy queen dishes on her eight decade… https://t.co/cyP0qEWxPD,0.6597,0.221,0.0,0.779,17
284,CNN,Fri Jan 05 02:12:45 +0000 2018,Apple says all Macs and iOS devices affected by chip flaws https://t.co/ghfx5XKQ0T https://t.co/Yd7WAwdjMJ,-0.1531,0.0,0.118,0.882,16
285,CNN,Fri Jan 05 02:02:35 +0000 2018,Some children living in the southern US were very excited to see snow for the first time https://t.co/e1f3Sq7Owg https://t.co/FujEEqnDTY,0.4005,0.13,0.0,0.87,15
286,CNN,Fri Jan 05 01:51:02 +0000 2018,The US Coast Guard used one of its Cutter boats to break open a very icy Hudson River today https://t.co/6AbmONkVoL https://t.co/yajb3DC3d3,0.0,0.0,0.0,1.0,14
287,CNN,Fri Jan 05 01:35:25 +0000 2018,A record-breaking 22 women are now serving in the US Senate https://t.co/cI0ekSbqyJ https://t.co/npf4EEx62r,0.0,0.0,0.0,1.0,13
288,CNN,Fri Jan 05 01:20:12 +0000 2018,Sean Spicer on his time as White House press secretary: There were times I screwed up https://t.co/w3RNT7BDJt https://t.co/KNpVSEZB4U,-0.4939,0.0,0.167,0.833,12
289,CNN,Fri Jan 05 01:10:05 +0000 2018,This amateur astronomer took a unique photo of the International Space Station passing in front of the sun… https://t.co/0zVcOD5pIV,0.0,0.0,0.0,1.0,11
290,CNN,Fri Jan 05 01:01:04 +0000 2018,"2017 was a defining year for American women. From the Women’s March on Washington to the #MeToo moment, a movement… https://t.co/5MiwkB5e1M",0.0,0.0,0.0,1.0,10
291,CNN,Fri Jan 05 00:45:00 +0000 2018,"RT @OutFrontCNN: ""He is a stubborn, stubborn man...he's not going to change, that is him."" - Sam Nunberg, Former Donald Trump Campaign aide…",-0.6597,0.0,0.221,0.779,9
292,CNN,Fri Jan 05 00:42:06 +0000 2018,"A lit firework landed in the trunk of this car, which was carrying 600 more fireworks https://t.co/U8AymCqoMN https://t.co/KZeRWWeaO4",0.0,0.0,0.0,1.0,8
293,CNN,Fri Jan 05 00:40:28 +0000 2018,That's one way to shovel snow off your driveway... https://t.co/wRSeayqTuO https://t.co/kWsrNztqmb,0.0,0.0,0.0,1.0,7
294,CNN,Fri Jan 05 00:27:42 +0000 2018,10 times Donald Trump has raised the possibility of lawsuits on Twitter https://t.co/ybP9APYsFE https://t.co/BM0pZNIN55,-0.1531,0.0,0.11,0.89,6
295,CNN,Fri Jan 05 00:12:33 +0000 2018,"Chunks of ice, and even an ice machine, were seen floating in flood waters in Scituate Harbor, Massachusetts, today… https://t.co/15nAHtRKlB",0.0,0.0,0.0,1.0,5
296,CNN,Fri Jan 05 00:00:12 +0000 2018,Sean Spicer on Steve Bannon's book quotes: 'What we didn't hear is a denial' https://t.co/WR998wtSSm https://t.co/MPwnNOyivw,0.0,0.0,0.0,1.0,4
297,CNN,Thu Jan 04 23:50:03 +0000 2018,Lettuce suspected in deadly E. coli outbreak in the US https://t.co/zlr0Xun5oF https://t.co/pFdYKBNH9E,-0.2263,0.0,0.147,0.853,3
298,CNN,Thu Jan 04 23:40:08 +0000 2018,The US is suspending security assistance to Pakistan over what it says is a failure by the country to adequately cr… https://t.co/dO3emgkJkF,-0.2263,0.097,0.134,0.769,2
299,CNN,Thu Jan 04 23:28:09 +0000 2018,Google hit with revised gender pay lawsuit https://t.co/3C0PEiOivv https://t.co/x66jgl8Mh5,-0.3182,0.0,0.32,0.68,1
300,FoxNews,Fri Jan 05 15:55:50 +0000 2018,Proposed drilling areas. https://t.co/MZsLlkvMMM https://t.co/bm4SY4XSXR,0.0,0.0,0.0,1.0,100
301,FoxNews,Fri Jan 05 15:55:06 +0000 2018,.@SenWarren is one of many politicians pushing back on AG Jeff Sessions' announced marijuana crackdown.… https://t.co/K8vN3BhGCg,0.0,0.0,0.0,1.0,99
302,FoxNews,Fri Jan 05 15:52:44 +0000 2018,"RT @FoxBusiness: Cohn on whether Wolff's 'Fire &amp; Fury' will get in the way of the Trump agenda: ""Absolutely not."" https://t.co/NRH8xD74NI h…",-0.7269,0.0,0.234,0.766,98
303,FoxNews,Fri Jan 05 15:52:40 +0000 2018,"RT @FoxBusiness: Cohn on infrastructure plan: ""We are going to get the approval process on infrastructure streamlined in a dramatic fashion…",0.4767,0.14,0.0,0.86,97
304,FoxNews,Fri Jan 05 15:52:35 +0000 2018,"RT @FoxBusiness: Gary Cohn on businesses' response to the tax plan: ""We expect to see a lot more action and activity."" https://t.co/NRH8xD7…",0.0,0.0,0.0,1.0,96
305,FoxNews,Fri Jan 05 15:52:32 +0000 2018,"RT @FoxBusiness: Cohn: ""If you just got a $1,000 bonus and you weren't expecting it, I don't think that's window dressing."" https://t.co/NR…",0.5423,0.156,0.0,0.844,95
306,FoxNews,Fri Jan 05 15:51:05 +0000 2018,".@RCamposDuffy: ""You've got @BillClinton getting paid half a million dollars for a speech. You've got money from Ru… https://t.co/oTCchP6uIa",0.0,0.0,0.0,1.0,94
307,FoxNews,Fri Jan 05 15:46:52 +0000 2018,".@DrMarcSiegel: Smoking pot routinely may seem harmless but don’t be fooled (even if it’s legal)
https://t.co/gHViSpo0He",-0.4404,0.079,0.18,0.741,93
308,FoxNews,Fri Jan 05 15:46:04 +0000 2018,.@PressSec: 'Michael Wolff Made Up a Lot of Stories to Try to Sell Books' https://t.co/zDTiw6zpmm https://t.co/SrFnTRKQG8,0.0,0.0,0.0,1.0,92
309,FoxNews,Fri Jan 05 15:40:05 +0000 2018,Ron DeSantis announces run for Governor of Florida. https://t.co/4efApj0PDh https://t.co/wFy630ZPg3,0.0,0.0,0.0,1.0,91
310,FoxNews,Fri Jan 05 15:39:36 +0000 2018,".@LeslieMarshall: ""There are some on the right that just want to see one of the Clintons - any of them, Chelsea, ma… https://t.co/2dwCMA5eiT",0.0772,0.058,0.0,0.942,90
311,FoxNews,Fri Jan 05 15:34:04 +0000 2018,.@HillaryClinton under investigation again. https://t.co/BBjSKxxFNc https://t.co/7Zsdt41rP0,0.0,0.0,0.0,1.0,89
312,FoxNews,Fri Jan 05 15:33:55 +0000 2018,"Iran's brutal regime running on fumes as angry masses gather, says expert https://t.co/MiIA70XILN",-0.8176,0.0,0.459,0.541,88
313,FoxNews,Fri Jan 05 15:30:37 +0000 2018,"Trump slams 'phony' book as distraction from Russia collusion 'hoax' - via @brookefoxnews
https://t.co/w6DuIMKA6m",-0.3818,0.0,0.178,0.822,87
314,FoxNews,Fri Jan 05 15:25:41 +0000 2018,"Food stamp recipients down 2M under Trump, USDA figures show https://t.co/M7kKPjJqKA",0.0,0.0,0.0,1.0,86
315,FoxNews,Fri Jan 05 15:23:19 +0000 2018,".@GOPLeader: ""We started America's comeback with this tax reform."" https://t.co/azzNwQgiqw",0.0,0.0,0.0,1.0,85
316,FoxNews,Fri Jan 05 15:21:40 +0000 2018,"OPINION: Trump's bold moves just might jolt the Palestinians to finally negotiate with Israel
https://t.co/u0rNtmUaX0",0.3818,0.157,0.0,0.843,84
317,FoxNews,Fri Jan 05 15:19:04 +0000 2018,Sanders: 'Michael Wolff Made Up a Lot of Stories to Try to Sell Books' https://t.co/m4FCpbaISi,0.0,0.0,0.0,1.0,83
318,FoxNews,Fri Jan 05 15:16:20 +0000 2018,Americans will soon have the rare opportunity to get their hands on a historic military gun. https://t.co/ivuH8aAMTp,0.1027,0.146,0.125,0.729,82
319,FoxNews,Fri Jan 05 14:57:17 +0000 2018,"Rep. Ron DeSantis officially enters race for Florida governor - via @brookefoxnews
https://t.co/teKK4cVOn7",0.0,0.0,0.0,1.0,81
320,FoxNews,Fri Jan 05 15:55:50 +0000 2018,Proposed drilling areas. https://t.co/MZsLlkvMMM https://t.co/bm4SY4XSXR,0.0,0.0,0.0,1.0,80
321,FoxNews,Fri Jan 05 15:55:06 +0000 2018,.@SenWarren is one of many politicians pushing back on AG Jeff Sessions' announced marijuana crackdown.… https://t.co/K8vN3BhGCg,0.0,0.0,0.0,1.0,79
322,FoxNews,Fri Jan 05 15:52:44 +0000 2018,"RT @FoxBusiness: Cohn on whether Wolff's 'Fire &amp; Fury' will get in the way of the Trump agenda: ""Absolutely not."" https://t.co/NRH8xD74NI h…",-0.7269,0.0,0.234,0.766,78
323,FoxNews,Fri Jan 05 15:52:40 +0000 2018,"RT @FoxBusiness: Cohn on infrastructure plan: ""We are going to get the approval process on infrastructure streamlined in a dramatic fashion…",0.4767,0.14,0.0,0.86,77
324,FoxNews,Fri Jan 05 15:52:35 +0000 2018,"RT @FoxBusiness: Gary Cohn on businesses' response to the tax plan: ""We expect to see a lot more action and activity."" https://t.co/NRH8xD7…",0.0,0.0,0.0,1.0,76
325,FoxNews,Fri Jan 05 15:52:32 +0000 2018,"RT @FoxBusiness: Cohn: ""If you just got a $1,000 bonus and you weren't expecting it, I don't think that's window dressing."" https://t.co/NR…",0.5423,0.156,0.0,0.844,75
326,FoxNews,Fri Jan 05 15:51:05 +0000 2018,".@RCamposDuffy: ""You've got @BillClinton getting paid half a million dollars for a speech. You've got money from Ru… https://t.co/oTCchP6uIa",0.0,0.0,0.0,1.0,74
327,FoxNews,Fri Jan 05 15:46:52 +0000 2018,".@DrMarcSiegel: Smoking pot routinely may seem harmless but don’t be fooled (even if it’s legal)
https://t.co/gHViSpo0He",-0.4404,0.079,0.18,0.741,73
328,FoxNews,Fri Jan 05 15:46:04 +0000 2018,.@PressSec: 'Michael Wolff Made Up a Lot of Stories to Try to Sell Books' https://t.co/zDTiw6zpmm https://t.co/SrFnTRKQG8,0.0,0.0,0.0,1.0,72
329,FoxNews,Fri Jan 05 15:40:05 +0000 2018,Ron DeSantis announces run for Governor of Florida. https://t.co/4efApj0PDh https://t.co/wFy630ZPg3,0.0,0.0,0.0,1.0,71
330,FoxNews,Fri Jan 05 15:39:36 +0000 2018,".@LeslieMarshall: ""There are some on the right that just want to see one of the Clintons - any of them, Chelsea, ma… https://t.co/2dwCMA5eiT",0.0772,0.058,0.0,0.942,70
331,FoxNews,Fri Jan 05 15:34:04 +0000 2018,.@HillaryClinton under investigation again. https://t.co/BBjSKxxFNc https://t.co/7Zsdt41rP0,0.0,0.0,0.0,1.0,69
332,FoxNews,Fri Jan 05 15:33:55 +0000 2018,"Iran's brutal regime running on fumes as angry masses gather, says expert https://t.co/MiIA70XILN",-0.8176,0.0,0.459,0.541,68
333,FoxNews,Fri Jan 05 15:30:37 +0000 2018,"Trump slams 'phony' book as distraction from Russia collusion 'hoax' - via @brookefoxnews
https://t.co/w6DuIMKA6m",-0.3818,0.0,0.178,0.822,67
334,FoxNews,Fri Jan 05 15:25:41 +0000 2018,"Food stamp recipients down 2M under Trump, USDA figures show https://t.co/M7kKPjJqKA",0.0,0.0,0.0,1.0,66
335,FoxNews,Fri Jan 05 15:23:19 +0000 2018,".@GOPLeader: ""We started America's comeback with this tax reform."" https://t.co/azzNwQgiqw",0.0,0.0,0.0,1.0,65
336,FoxNews,Fri Jan 05 15:21:40 +0000 2018,"OPINION: Trump's bold moves just might jolt the Palestinians to finally negotiate with Israel
https://t.co/u0rNtmUaX0",0.3818,0.157,0.0,0.843,64
337,FoxNews,Fri Jan 05 15:19:04 +0000 2018,Sanders: 'Michael Wolff Made Up a Lot of Stories to Try to Sell Books' https://t.co/m4FCpbaISi,0.0,0.0,0.0,1.0,63
338,FoxNews,Fri Jan 05 15:16:20 +0000 2018,Americans will soon have the rare opportunity to get their hands on a historic military gun. https://t.co/ivuH8aAMTp,0.1027,0.146,0.125,0.729,62
339,FoxNews,Fri Jan 05 14:57:17 +0000 2018,"Rep. Ron DeSantis officially enters race for Florida governor - via @brookefoxnews
https://t.co/teKK4cVOn7",0.0,0.0,0.0,1.0,61
340,FoxNews,Fri Jan 05 14:55:27 +0000 2018,Good Samaritans rescue elderly couple before train hits vehicle https://t.co/KNK2kUS2sk,0.7351,0.437,0.0,0.563,60
341,FoxNews,Fri Jan 05 14:54:28 +0000 2018,RT @FoxBusiness: Where the jobs are: https://t.co/AqH1baYTIO,0.0,0.0,0.0,1.0,59
342,FoxNews,Fri Jan 05 14:46:09 +0000 2018,".@SteveHiltonx: ""The American public will be very pleased to see that actually you're finally getting some accounta… https://t.co/sWGQpCZ1bi",0.4927,0.158,0.0,0.842,58
343,FoxNews,Fri Jan 05 14:42:02 +0000 2018,"Moments ago, President @realDonaldTrump tweeted about Russia, @HillaryClinton, the @FBI, and ""the Fake News Media."" https://t.co/maHmFlxgZi",-0.4767,0.0,0.171,0.829,57
344,FoxNews,Fri Jan 05 14:38:35 +0000 2018,"Wall Street opens after Dow tops 25,000. https://t.co/4PGdim9Xj3",0.5106,0.32,0.0,0.68,56
345,FoxNews,Fri Jan 05 14:30:48 +0000 2018,NFL heiress' alleged anti-Semitic remarks being probed as hate crime https://t.co/tsJ4l2f587,-0.802,0.0,0.444,0.556,55
346,FoxNews,Fri Jan 05 14:21:52 +0000 2018,".@POTUS, GOP leaders to meet at Camp David. https://t.co/pTuzfWQYF5",0.0,0.0,0.0,1.0,54
347,FoxNews,Fri Jan 05 14:20:55 +0000 2018,"US economy adds 148K jobs in December, manufacturing remains strong https://t.co/Sa863JSn51 https://t.co/lnHMJ3ANwY",0.5106,0.231,0.0,0.769,53
348,FoxNews,Fri Jan 05 14:20:29 +0000 2018,How Iranian protesters are skirting the government's tech clampdown to continue their fight https://t.co/wy14nQYYXd,-0.5423,0.0,0.273,0.727,52
349,FoxNews,Fri Jan 05 14:16:09 +0000 2018,".@RepDeSantis: ""The chairman of Uranium One gave $2.3 million to the @ClintonFdn in 2009, 2010 while this deal was… https://t.co/d7AgtA9S0E",0.0,0.0,0.0,1.0,51
350,FoxNews,Fri Jan 05 14:05:40 +0000 2018,".@VarneyCo: ""43 million Americans have an IRA. 54 million have a 401k. Every single one of those people has seen a… https://t.co/zjyntViMLR",0.0,0.0,0.0,1.0,50
351,FoxNews,Fri Jan 05 13:54:23 +0000 2018,.@HillaryClinton under investigation again. https://t.co/BBjSKxg4VE https://t.co/UL5ugqll9J,0.0,0.0,0.0,1.0,49
352,FoxNews,Fri Jan 05 13:54:19 +0000 2018,Sessions to review practice used by immigration judges to set aside cases indefinitely https://t.co/Tjza6c9ucs,0.0,0.0,0.0,1.0,48
353,FoxNews,Fri Jan 05 13:53:47 +0000 2018,JFK's nephew says Emanuel has plan to force black people out of Chicago https://t.co/cbevlXZsLV,0.0,0.0,0.0,1.0,47
354,FoxNews,Fri Jan 05 13:50:59 +0000 2018,"This morning, President @realDonaldTrump celebrated the record highs experienced by the Dow during his presidency.… https://t.co/8JPZGkDOfF",0.5719,0.198,0.0,0.802,46
355,FoxNews,Fri Jan 05 13:50:11 +0000 2018,"BREAKING NEWS: U.S. economy added 148,000 jobs in December; unemployment rate stays at 4.1%. https://t.co/cbixEpAcEz",-0.4404,0.0,0.172,0.828,45
356,FoxNews,Fri Jan 05 13:42:25 +0000 2018,"ABC star George Stephanopoulos faces increased pressure with Matt Lauer, Charlie Rose off morning show map https://t.co/KpLk1Pt24j",-0.0258,0.109,0.114,0.777,44
357,FoxNews,Fri Jan 05 13:31:55 +0000 2018,EXCLUSIVE: @RepDesantis tells @foxandfriends he is running for Governor of Florida. https://t.co/OChvoCpnLw,0.3034,0.169,0.0,0.831,43
358,FoxNews,Fri Jan 05 13:30:19 +0000 2018,'Bomb cyclone' forces world's largest passenger jet to land at small New York airport https://t.co/Z5A5cEPx7z,-0.4939,0.0,0.186,0.814,42
359,FoxNews,Fri Jan 05 13:22:38 +0000 2018,".@Varneyco: ""43 million Americans have an IRA. 54 million have a 401k. Every single one of those people has seen a… https://t.co/s4M5RoofCX",0.0,0.0,0.0,1.0,41
360,FoxNews,Fri Jan 05 13:20:40 +0000 2018,".@Varneyco: ""By the end of today, it might be a $7 trillion run-up in the value of all stocks since the election."" https://t.co/16natw7EN7",0.34,0.103,0.0,0.897,40
361,FoxNews,Fri Jan 05 13:12:50 +0000 2018,Dow milestones - 9/2016 to present. https://t.co/xQzRi5leGU,0.0,0.0,0.0,1.0,39
362,FoxNews,Fri Jan 05 13:06:06 +0000 2018,Justice Department investigating Clinton Foundation over 'pay to play' allegations https://t.co/vvHKKMBqpr,0.6597,0.382,0.092,0.526,38
363,FoxNews,Fri Jan 05 13:03:10 +0000 2018,Trump tweets explosive White House tell-all 'full of lies' https://t.co/dzi7cI6Sjg,-0.4215,0.0,0.237,0.763,37
364,FoxNews,Fri Jan 05 12:17:44 +0000 2018,.@VP salutes the @USArmy carry team and prays near a transfer case containing the remains of Sgt. 1st Class Mihail… https://t.co/bt9UYI9RFs,0.34,0.112,0.0,0.888,36
365,FoxNews,Fri Jan 05 12:06:38 +0000 2018,"Israel to expel nearly 40,000 illegal African migrants https://t.co/irM6qISc3O",-0.7579,0.0,0.481,0.519,35
366,FoxNews,Fri Jan 05 12:00:03 +0000 2018,".@seanhannity: ""You might have seen that the economy under President #Trump is on an absolute tear. This is good ne… https://t.co/La5jkUstjb",0.4404,0.127,0.0,0.873,34
367,FoxNews,Fri Jan 05 11:56:28 +0000 2018,John Walters on @foxandfriends: “President Trump and Jeff Sessions are keeping the promise of stopping this carnage… https://t.co/Tz7Dfhugvv,0.1779,0.116,0.08,0.804,33
368,FoxNews,Fri Jan 05 11:46:19 +0000 2018,.@JaniceDean gives an update on the weather on @foxandfriends https://t.co/1b8YMU6e21,0.0,0.0,0.0,1.0,32
369,FoxNews,Fri Jan 05 11:42:22 +0000 2018,'Bomb cyclone' forces world's largest passenger jet to land at small New York airport https://t.co/JGSdG3fp3y,-0.4939,0.0,0.186,0.814,31
370,FoxNews,Fri Jan 05 11:39:18 +0000 2018,.@RepDeSantis to run for governor of Florida @foxandfriends https://t.co/1HElngoWSX,0.0,0.0,0.0,1.0,30
371,FoxNews,Fri Jan 05 11:30:00 +0000 2018,US soldier in Iraq hops 10 flights home to witness daughter's birth https://t.co/Pp8RawT55U,0.0,0.0,0.0,1.0,29
372,FoxNews,Fri Jan 05 11:26:18 +0000 2018,"OPINION: Iran should still be allowed to buy US jets, despite protests, supporting nearly 100,000 American jobs (vi… https://t.co/lXRYts6BGp",-0.1877,0.079,0.114,0.807,28
373,FoxNews,Fri Jan 05 11:25:03 +0000 2018,"Rose Marie's last phone interview: 'Dick Van Dyke Show' star shared unbelievable stories of mobsters, superstars an… https://t.co/gOj0M9vHCW",-0.0258,0.187,0.147,0.667,27
374,FoxNews,Fri Jan 05 11:17:07 +0000 2018,Justice Department investigating Clinton Foundation over 'pay to play' allegations https://t.co/80PTGVSGkK,0.6597,0.382,0.092,0.526,26
375,FoxNews,Fri Jan 05 11:15:02 +0000 2018,"On @FoxAndFriends Thursday, Senator @RandPaul told Brian @Kilmeade that he spoke to @POTUS about cutting funding to… https://t.co/AUmEwkTsvP",-0.128,0.0,0.081,0.919,25
376,FoxNews,Fri Jan 05 11:07:23 +0000 2018,".@KristinBTate on @FoxFriendsFirst: “Since day one, the liberal media has exhausted itself trying to vilify Donald… https://t.co/I34DCNFYsb",-0.3612,0.0,0.135,0.865,24
377,FoxNews,Fri Jan 05 11:00:06 +0000 2018,".@JesseBWatters on @JoeBiden's criticism of @POTUS' North Korea approach, tweets: ""I don't think @POTUS has been ve… https://t.co/TQhRSMpFBY",-0.4404,0.0,0.146,0.854,23
378,FoxNews,Fri Jan 05 10:53:14 +0000 2018,.@VP salutes the @USArmy carry team and prays near a transfer case containing the remains of Sgt. 1st Class Mihail… https://t.co/OZmiUNuUUG,0.34,0.112,0.0,0.888,22
379,FoxNews,Fri Jan 05 10:45:00 +0000 2018,Report: @NFL's TV Ratings Dropped 10 Percent This Season Amid Lower Attendance https://t.co/DTn1DBC80O,-0.296,0.0,0.155,0.845,21
380,FoxNews,Fri Jan 05 10:38:55 +0000 2018,#Trump administration dramatically expands offshore drilling @FoxFriendsFirst https://t.co/MZsLlkvMMM https://t.co/X6KWv5WdVV,0.1027,0.149,0.0,0.851,20
381,FoxNews,Fri Jan 05 10:34:21 +0000 2018,Immigration talks continue @FoxFriendsFirst https://t.co/Gh9Jhio5gt,0.0,0.0,0.0,1.0,19
382,FoxNews,Fri Jan 05 10:30:06 +0000 2018,".@GovMikeHuckabee on Trump/Bannon fallout: ""Why does the Left pretend that they suddenly like Steve Bannon when in… https://t.co/INOS2nnjHg",0.2732,0.126,0.07,0.804,18
383,FoxNews,Fri Jan 05 10:27:07 +0000 2018,.@JaniceDean: Snowfall totals on @FoxFriendsFirst https://t.co/FQVSWFHJSL,0.0,0.0,0.0,1.0,17
384,FoxNews,Fri Jan 05 10:23:43 +0000 2018,"A man pushes his way through a winter snowstorm in #AtlanticCity, N.J. on Jan. 4. https://t.co/rZ1WjrSgnD",0.0,0.0,0.0,1.0,16
385,FoxNews,Fri Jan 05 10:17:05 +0000 2018,.@POTUS tweets explosive White House tell-all 'full of lies' (via @RyanGaydos) https://t.co/ruACj779rN,-0.4215,0.0,0.203,0.797,15
386,FoxNews,Fri Jan 05 10:15:00 +0000 2018,"Teenage girl, 16, was held captive, raped and had her head shaved in 'torture chamber,' police say https://t.co/DzpFGucPbc",-0.8591,0.0,0.347,0.653,14
387,FoxNews,Fri Jan 05 10:11:01 +0000 2018,.@JaniceDean gives an update on the weather on @FoxFriendsFirst https://t.co/3ng1LiwXCC,0.0,0.0,0.0,1.0,13
388,FoxNews,Fri Jan 05 10:00:01 +0000 2018,Judge denies Fusion GPS bid to quash subpoena for bank records https://t.co/THG4iy7XYW,-0.4215,0.0,0.203,0.797,12
389,FoxNews,Fri Jan 05 09:45:00 +0000 2018,.@billmaher slammed for mocking @alfranken groping pic https://t.co/bjUkAn3LUz,-0.4019,0.0,0.278,0.722,11
390,FoxNews,Fri Jan 05 09:43:39 +0000 2018,NFL heiress' alleged anti-Semitic remarks being probed as hate crime https://t.co/lxmJ0u9pOu via @Bradford_Betz,-0.802,0.0,0.396,0.604,10
391,FoxNews,Fri Jan 05 09:30:00 +0000 2018,"Grassley says Comey leaked classified information to professor pal, demands answers - via @brookefoxnews https://t.co/KbrhviYFVf",-0.3182,0.0,0.15,0.85,9
392,FoxNews,Fri Jan 05 09:26:40 +0000 2018,Former California gym teacher who had sex with male student could avoid jail time https://t.co/fsrzpl0Dbh via @PaulinaDedaj,-0.296,0.0,0.121,0.879,8
393,FoxNews,Fri Jan 05 09:02:07 +0000 2018,Trump's corrupt media awards: Why some pundits are angling to win https://t.co/Qa7xEarZuK via @HowardKurtz @MediaBuzzFNC,0.7783,0.343,0.0,0.657,7
394,FoxNews,Fri Jan 05 08:45:00 +0000 2018,".@WhiteHouse tell-all to hit bookshelves early, as publisher defies #Trump demand https://t.co/Ucolc1Oj2J",-0.128,0.0,0.12,0.88,6
395,FoxNews,Fri Jan 05 08:37:20 +0000 2018,DB Cooper sleuth insists letter written by mysterious hijacker linked to San Diego man https://t.co/TtDD9Pf8h9 via… https://t.co/bQLEn4wTR8,0.0,0.0,0.0,1.0,5
396,FoxNews,Fri Jan 05 08:30:02 +0000 2018,"Roger Stone on #Trump/Bannon feud, Bannon's contributions to campaign: ""@POTUS is very much his own man. He's his o… https://t.co/WGA3DtHhhx",-0.34,0.0,0.112,0.888,4
397,FoxNews,Fri Jan 05 08:15:00 +0000 2018,.@NFL heiress accused of hitting lawyer with her 'glass purse' during anti-Semitic coat check rant https://t.co/GNmupbvUzE,-0.5574,0.0,0.247,0.753,3
398,FoxNews,Fri Jan 05 08:00:02 +0000 2018,".@RandPaul: ""I would take the money that we send to a lot of countries that aren't necessarily our friends, like Pa… https://t.co/S6TaP5V04t",-0.0139,0.104,0.106,0.79,2
399,FoxNews,Fri Jan 05 07:45:00 +0000 2018,"Florida girl, 11, wearing headphones, looking at phone hit and killed by train https://t.co/Duyr4ikgDq",-0.6705,0.0,0.257,0.743,1
400,nytimes,Fri Jan 05 15:52:04 +0000 2018,The winter storm that barreled the East Coast has moved on. But the frigid air will linger for days. https://t.co/SJkV9hg8hF,0.0,0.0,0.0,1.0,100
401,nytimes,Fri Jan 05 15:42:55 +0000 2018,"A doctor happened upon the underbelly of the drug treatment industry, where new customers are acquired. So he calle… https://t.co/YDXoxjGTpU",0.0,0.0,0.0,1.0,99
402,nytimes,Fri Jan 05 15:30:19 +0000 2018,Trump's determination to fire Comey led one White House lawyer to take the extraordinary step of misleading the pre… https://t.co/936bV3fY2V,-0.34,0.109,0.206,0.685,98
403,nytimes,Fri Jan 05 15:25:10 +0000 2018,"RT @nytvideo: Omar Salinas came to the United States from El Salvador when he was 16. This month, the Trump administration may end the prog…",0.4215,0.104,0.0,0.896,97
404,nytimes,Fri Jan 05 15:15:15 +0000 2018,"""It will be very difficult for Sessions to bring us back to a mind-set that existed five years or a decade ago,"" sa… https://t.co/HUhrlNbxAd",-0.4201,0.0,0.117,0.883,96
405,nytimes,Fri Jan 05 15:00:30 +0000 2018,Morning Briefing: Here's what you need to know to start your day https://t.co/x8EbYuamTe https://t.co/E53vM1PBlA,0.0,0.0,0.0,1.0,95
406,nytimes,Fri Jan 05 14:45:12 +0000 2018,"More than 4,700 people in Britain were stuck in ambulances for more than an hour over Christmas week, as there was… https://t.co/UtYCQGhLPP",-0.25,0.0,0.087,0.913,94
407,nytimes,Fri Jan 05 14:30:56 +0000 2018,"Even the most eager consumers of ""fake news"" are reading far more of the real kind, a new study finds https://t.co/wKRK8pyQf7",0.4754,0.236,0.118,0.647,93
408,nytimes,Fri Jan 05 14:12:10 +0000 2018,"Michael Wolff: ""Whether he realized it was an interview or not, I don't know, but it certainly was not off the reco… https://t.co/JVrxDcc2cI",0.4767,0.129,0.0,0.871,92
409,nytimes,Fri Jan 05 14:00:34 +0000 2018,"Aharon Appelfeld wrote disturbing, obliquely told stories of self-deluded Jews slowly awakening to the reality of t… https://t.co/gdSPNrT3z1",-0.5106,0.0,0.163,0.837,91
410,nytimes,Fri Jan 05 13:45:16 +0000 2018,"""We don't want the forest to be known as a suicide spot. It's dishonorable."" https://t.co/9X0R2xNiqk",-0.6929,0.0,0.323,0.677,90
411,nytimes,Fri Jan 05 13:37:03 +0000 2018,"Breaking News: The U.S. added 148,000 jobs last month, as continued growth capped a year of increasing opportunitie… https://t.co/4dawfIirm3",0.3818,0.133,0.0,0.867,89
412,nytimes,Fri Jan 05 13:29:02 +0000 2018,Serena Williams announced her withdrawal from the Australian Open https://t.co/pbmTRfs6Sy,0.0258,0.109,0.0,0.891,88
413,nytimes,Fri Jan 05 13:20:15 +0000 2018,"Opinion: Publicly, we say #MeToo. Privately, we have misgivings. https://t.co/KmSDYwTzzK",0.0,0.0,0.0,1.0,87
414,nytimes,Fri Jan 05 13:11:02 +0000 2018,Here's what New York City looked like on Instagram during the blizzard: https://t.co/tyd2anEwVz,0.3612,0.172,0.0,0.828,86
415,nytimes,Fri Jan 05 13:00:40 +0000 2018,Morning Briefing: Here's what you need to know to start your day https://t.co/ipluxkNaK9 https://t.co/gJVEbibAfn,0.0,0.0,0.0,1.0,85
416,nytimes,Fri Jan 05 12:50:08 +0000 2018,Jeff Sessions and President Trump may find resistance to their pot policy to be much more potent than they anticipa… https://t.co/KpZCwBMW3p,0.0,0.0,0.0,1.0,84
417,nytimes,Fri Jan 05 12:41:02 +0000 2018,The question on the table after the cutoff of U.S. military aid to Pakistan is who will be most disrupted: the Paki… https://t.co/Pzq50MXPfZ,0.0,0.0,0.0,1.0,83
418,nytimes,Fri Jan 05 12:29:03 +0000 2018,Late-night hosts pored over the bombshell accounts of the Trump administration's first year contained in Michael Wo… https://t.co/SBXJAwLkcC,0.0,0.0,0.0,1.0,82
419,nytimes,Fri Jan 05 12:15:08 +0000 2018,Trump's determination to fire Comey led one White House lawyer to take the extraordinary step of misleading the pre… https://t.co/RrtoH50Lrn,-0.34,0.109,0.206,0.685,81
420,nytimes,Fri Jan 05 15:52:04 +0000 2018,The winter storm that barreled the East Coast has moved on. But the frigid air will linger for days. https://t.co/SJkV9hg8hF,0.0,0.0,0.0,1.0,80
421,nytimes,Fri Jan 05 15:42:55 +0000 2018,"A doctor happened upon the underbelly of the drug treatment industry, where new customers are acquired. So he calle… https://t.co/YDXoxjGTpU",0.0,0.0,0.0,1.0,79
422,nytimes,Fri Jan 05 15:30:19 +0000 2018,Trump's determination to fire Comey led one White House lawyer to take the extraordinary step of misleading the pre… https://t.co/936bV3fY2V,-0.34,0.109,0.206,0.685,78
423,nytimes,Fri Jan 05 15:25:10 +0000 2018,"RT @nytvideo: Omar Salinas came to the United States from El Salvador when he was 16. This month, the Trump administration may end the prog…",0.4215,0.104,0.0,0.896,77
424,nytimes,Fri Jan 05 15:15:15 +0000 2018,"""It will be very difficult for Sessions to bring us back to a mind-set that existed five years or a decade ago,"" sa… https://t.co/HUhrlNbxAd",-0.4201,0.0,0.117,0.883,76
425,nytimes,Fri Jan 05 15:00:30 +0000 2018,Morning Briefing: Here's what you need to know to start your day https://t.co/x8EbYuamTe https://t.co/E53vM1PBlA,0.0,0.0,0.0,1.0,75
426,nytimes,Fri Jan 05 14:45:12 +0000 2018,"More than 4,700 people in Britain were stuck in ambulances for more than an hour over Christmas week, as there was… https://t.co/UtYCQGhLPP",-0.25,0.0,0.087,0.913,74
427,nytimes,Fri Jan 05 14:30:56 +0000 2018,"Even the most eager consumers of ""fake news"" are reading far more of the real kind, a new study finds https://t.co/wKRK8pyQf7",0.4754,0.236,0.118,0.647,73
428,nytimes,Fri Jan 05 14:12:10 +0000 2018,"Michael Wolff: ""Whether he realized it was an interview or not, I don't know, but it certainly was not off the reco… https://t.co/JVrxDcc2cI",0.4767,0.129,0.0,0.871,72
429,nytimes,Fri Jan 05 14:00:34 +0000 2018,"Aharon Appelfeld wrote disturbing, obliquely told stories of self-deluded Jews slowly awakening to the reality of t… https://t.co/gdSPNrT3z1",-0.5106,0.0,0.163,0.837,71
430,nytimes,Fri Jan 05 13:45:16 +0000 2018,"""We don't want the forest to be known as a suicide spot. It's dishonorable."" https://t.co/9X0R2xNiqk",-0.6929,0.0,0.323,0.677,70
431,nytimes,Fri Jan 05 13:37:03 +0000 2018,"Breaking News: The U.S. added 148,000 jobs last month, as continued growth capped a year of increasing opportunitie… https://t.co/4dawfIirm3",0.3818,0.133,0.0,0.867,69
432,nytimes,Fri Jan 05 13:29:02 +0000 2018,Serena Williams announced her withdrawal from the Australian Open https://t.co/pbmTRfs6Sy,0.0258,0.109,0.0,0.891,68
433,nytimes,Fri Jan 05 13:20:15 +0000 2018,"Opinion: Publicly, we say #MeToo. Privately, we have misgivings. https://t.co/KmSDYwTzzK",0.0,0.0,0.0,1.0,67
434,nytimes,Fri Jan 05 13:11:02 +0000 2018,Here's what New York City looked like on Instagram during the blizzard: https://t.co/tyd2anEwVz,0.3612,0.172,0.0,0.828,66
435,nytimes,Fri Jan 05 13:00:40 +0000 2018,Morning Briefing: Here's what you need to know to start your day https://t.co/ipluxkNaK9 https://t.co/gJVEbibAfn,0.0,0.0,0.0,1.0,65
436,nytimes,Fri Jan 05 12:50:08 +0000 2018,Jeff Sessions and President Trump may find resistance to their pot policy to be much more potent than they anticipa… https://t.co/KpZCwBMW3p,0.0,0.0,0.0,1.0,64
437,nytimes,Fri Jan 05 12:41:02 +0000 2018,The question on the table after the cutoff of U.S. military aid to Pakistan is who will be most disrupted: the Paki… https://t.co/Pzq50MXPfZ,0.0,0.0,0.0,1.0,63
438,nytimes,Fri Jan 05 12:29:03 +0000 2018,Late-night hosts pored over the bombshell accounts of the Trump administration's first year contained in Michael Wo… https://t.co/SBXJAwLkcC,0.0,0.0,0.0,1.0,62
439,nytimes,Fri Jan 05 12:15:08 +0000 2018,Trump's determination to fire Comey led one White House lawyer to take the extraordinary step of misleading the pre… https://t.co/RrtoH50Lrn,-0.34,0.109,0.206,0.685,61
440,nytimes,Fri Jan 05 12:00:24 +0000 2018,A closer look at the largest protests in Iran in years suggests that the country’s president may have started it all https://t.co/yvosd3j6OJ,-0.2263,0.0,0.087,0.913,60
441,nytimes,Fri Jan 05 11:44:07 +0000 2018,"Startled by the hard-sell addicts face, a psychologist discovered the rehab industry’s customer acquisition tricks,… https://t.co/6WA91X9nbi",-0.1779,0.0,0.108,0.892,59
442,nytimes,Fri Jan 05 11:30:27 +0000 2018,Morning Briefing: Here's what you need to know to start your day https://t.co/g1hQ7vayub https://t.co/tUolMBHZVe,0.0,0.0,0.0,1.0,58
443,nytimes,Fri Jan 05 11:15:07 +0000 2018,"Deadly starfish are feasting on parts of the Great Barrier Reef, which is already threatened by rising ocean temper… https://t.co/brix17Vok1",0.1531,0.16,0.176,0.664,57
444,nytimes,Fri Jan 05 11:00:32 +0000 2018,How Michael Wolff went from needling the Manhattan power elite to enraging the leader of the free world https://t.co/cnlLkr27vS,-0.128,0.137,0.158,0.705,56
445,nytimes,Fri Jan 05 10:44:09 +0000 2018,Theresa May apologized for delays throughout the health care agency as it scrambled to cope with a particularly dif… https://t.co/O9U3RE0NMe,0.6705,0.244,0.0,0.756,55
446,nytimes,Fri Jan 05 10:31:03 +0000 2018,"RT @paulmozur: China's internet is the most censored and surveilled in the world. Yet Chinese are calling for privacy protections. For now,…",-0.2247,0.0,0.083,0.917,54
447,nytimes,Fri Jan 05 10:16:06 +0000 2018,North Korea accepted the South’s proposal that the two Koreas hold the negotiations at the border village of Panmun… https://t.co/ISq6WbvZLf,0.2732,0.1,0.0,0.9,53
448,nytimes,Fri Jan 05 10:00:22 +0000 2018,President Trump's legal team has demanded that Michael Wolff and his publisher halt the release of “Fire and Fury:… https://t.co/iLEbsWfa8i,-0.1027,0.07,0.089,0.841,52
449,nytimes,Fri Jan 05 09:45:09 +0000 2018,RT @nytimesworld: A suicide bombing claimed by the Islamic State targeted a protest of shopkeepers in Kabul https://t.co/hqRe7bVHNM,-0.7579,0.0,0.317,0.683,51
450,nytimes,Fri Jan 05 09:30:21 +0000 2018,The Trump administration said it would allow new offshore oil and gas drilling in nearly all United States coastal… https://t.co/pXAas2iibI,0.5719,0.207,0.0,0.793,50
451,nytimes,Fri Jan 05 09:15:03 +0000 2018,"RT @RorySmith: Coutinho might be a matter of when, not if, but the real question is why? Barca’s squad is ageing and expensive (though stil…",0.0129,0.044,0.0,0.956,49
452,nytimes,Fri Jan 05 09:00:12 +0000 2018,Norway is now selling more electric and hybrid cars than gasoline or diesel ones https://t.co/pgNj8AayWb,0.0,0.0,0.0,1.0,48
453,nytimes,Fri Jan 05 08:43:06 +0000 2018,President Erdogan of Turkey emerged largely unscathed after the U.S. trial of a Turkish banker https://t.co/m0fJbNdNvH,0.0,0.0,0.0,1.0,47
454,nytimes,Fri Jan 05 08:29:02 +0000 2018,"Hurricanes, fires and floods drove global insurance payouts to a record $135 billion last year https://t.co/JiZWMV6bCH",0.0,0.0,0.0,1.0,46
455,nytimes,Fri Jan 05 08:14:08 +0000 2018,“People see Hanyu for the first time and they become hysterical or they’re moved to tears. It’s like their lives ar… https://t.co/51mmi9dTnj,0.128,0.102,0.122,0.776,45
456,nytimes,Fri Jan 05 07:59:06 +0000 2018,"The voter fraud commission arrived with a presidential tweet, and went out with another. Here's how that happened: https://t.co/xbGPmX1yKq",-0.5859,0.0,0.183,0.817,44
457,nytimes,Fri Jan 05 07:45:33 +0000 2018,A woman challenging Turkey's President Erdogan steps up to run for president https://t.co/y4WXQ5AGx0,0.1531,0.127,0.0,0.873,43
458,nytimes,Fri Jan 05 07:28:30 +0000 2018,"RT @NYTStyles: Sneaker Con was overwhelming. Whew. But we broke down tips, tricks and predictions from the experts. https://t.co/AHcGbB8ss9",-0.5106,0.0,0.202,0.798,42
459,nytimes,Fri Jan 05 07:11:04 +0000 2018,"Opinion: As @miss9afi looks forward to seeing Saudi women drive starting in June, she remembers the female activist… https://t.co/cBNcxqfWE3",0.0,0.0,0.0,1.0,41
460,nytimes,Fri Jan 05 06:56:06 +0000 2018,"RT @nytimesworld: Alberto Fujimori, Peru's former president, was released from a hospital after he was pardoned from a 25-year sentence he…",0.296,0.158,0.0,0.842,40
461,nytimes,Fri Jan 05 06:41:05 +0000 2018,The Norwegian photographer of these puzzling photos is having a moment in Europe's art scene https://t.co/jl9FRhYWID,0.0,0.0,0.0,1.0,39
462,nytimes,Fri Jan 05 06:33:03 +0000 2018,North and South Korea agree to high-level talks on their border amid hopes for a thaw in relations https://t.co/d6OqHG3lB7,0.6486,0.249,0.0,0.751,38
463,nytimes,Fri Jan 05 06:17:05 +0000 2018,"RT @dionnesearcey: Another of the Chibok girls has been found. In the nearly four years she's been gone, her parents have fled their homes…",0.0,0.0,0.0,1.0,37
464,nytimes,Fri Jan 05 06:02:04 +0000 2018,California defiant in the face of federal move to get tough on marijuana https://t.co/KMZDwJbw4l,-0.34,0.0,0.221,0.779,36
465,nytimes,Fri Jan 05 05:47:07 +0000 2018,"A co-founder of Ripple, a virtual currency, could briefly lay claim to being the world’s fifth richest person, bypa… https://t.co/k6UMiuaMwx",0.5267,0.167,0.0,0.833,35
466,nytimes,Fri Jan 05 05:32:04 +0000 2018,HBO confirmed that “Game of Thrones” won’t return for its eighth and final season until 2019 https://t.co/oN9Y0P8aOt,0.0,0.0,0.0,1.0,34
467,nytimes,Fri Jan 05 05:17:04 +0000 2018,Alabama newspaper executive resigns after admitting he once spanked a reporter https://t.co/3LAC5FyCoo,-0.3182,0.0,0.187,0.813,33
468,nytimes,Fri Jan 05 05:02:05 +0000 2018,"Those iguanas falling from the trees in Florida? They probably aren’t dead, just stunned by the cold. https://t.co/uY0tb7xTbh",-0.743,0.0,0.327,0.673,32
469,nytimes,Fri Jan 05 04:56:01 +0000 2018,RT @NYTSports: Marc Stein covered Jordan. Covered Kobe. And LeBron vs. the Warriors. Go behind the NBA curtain every week with @TheSteinLin…,0.0,0.0,0.0,1.0,31
470,nytimes,Fri Jan 05 04:48:55 +0000 2018,President Trump gave firm instructions in March to the White House’s top lawyer: stop Jeff Sessions from recusing h… https://t.co/9EzEDGKp04,-0.1027,0.082,0.1,0.818,30
471,nytimes,Fri Jan 05 04:32:09 +0000 2018,"""We don’t have to pay for access to publicly owned books, and we shouldn’t have to pay to see art in museums whose… https://t.co/nhA60dQqvX",-0.2023,0.0,0.113,0.887,29
472,nytimes,Fri Jan 05 04:17:02 +0000 2018,Trump administration plans to delay enforcement of a federal housing rule that requires communities to address patt… https://t.co/EEG3Q6p5kr,-0.3182,0.0,0.126,0.874,28
473,nytimes,Fri Jan 05 04:02:02 +0000 2018,"In Norway, electric and hybrid cars outsold those running on fossil fuels last year https://t.co/rrhxBWYTGi",0.0,0.0,0.0,1.0,27
474,nytimes,Fri Jan 05 03:47:04 +0000 2018,"RT @grynbaum: Michael Wolff, media piranha in a Charvet tie, has his breakout moment. https://t.co/QrjGDuX0IW",0.0,0.0,0.0,1.0,26
475,nytimes,Fri Jan 05 03:32:06 +0000 2018,18-year-old was charged with manslaughter in the death of a 65-year-old man who was punched in a Brooklyn subway st… https://t.co/btQzxEYoS7,-0.6908,0.0,0.251,0.749,25
476,nytimes,Fri Jan 05 03:25:01 +0000 2018,"RT @NYTSports: ""I’m not where I personally want to be."" No Serena Williams at the Australian Open. https://t.co/mIXpN0h535",-0.3447,0.0,0.186,0.814,24
477,nytimes,Fri Jan 05 03:02:04 +0000 2018,The new offshore oil and gas drilling would open more than a billion acres in the Arctic and along the Eastern Seab… https://t.co/Q0MIwnTJSP,0.0,0.0,0.0,1.0,23
478,nytimes,Fri Jan 05 02:47:09 +0000 2018,"There are multiple claims for Charles Manson’s remains, his property or both. A California court will soon take up… https://t.co/FZUVcJXSSi",0.0,0.0,0.0,1.0,22
479,nytimes,Fri Jan 05 02:32:05 +0000 2018,"RT @nathanielpopper: On the rise of Ripple. If this is a tulip fever, the fever has spread to chrysanthemums and poppies. https://t.co/kuDJ…",0.0,0.0,0.0,1.0,21
480,nytimes,Fri Jan 05 02:17:01 +0000 2018,"Where pot entrepreneurs go when the banks just say no
https://t.co/I0ar0EdStA",-0.296,0.0,0.18,0.82,20
481,nytimes,Fri Jan 05 02:02:09 +0000 2018,Evening Briefing: Here's what you need to know at the end of the day https://t.co/xA5yaggEkg,0.0,0.0,0.0,1.0,19
482,nytimes,Fri Jan 05 01:47:10 +0000 2018,"Baltimore teachers say schools are so cold that students have had to attend class in hats, coats and gloves https://t.co/rgsvs1HeN5",0.0,0.0,0.0,1.0,18
483,nytimes,Fri Jan 05 01:36:04 +0000 2018,"RT @nytopinion: .@MichaelWolffNYC’s new book shows that President Trump has no executive function, no ability to process information or wei…",-0.2732,0.097,0.186,0.717,17
484,nytimes,Fri Jan 05 01:26:05 +0000 2018,RT @nytmike: Our reporting shows how an aide to AG Jeff Sessions asked a Hill staffer four days before Comey was fired whether staffer had…,-0.5574,0.0,0.135,0.865,16
485,nytimes,Fri Jan 05 01:17:07 +0000 2018,Hackers can exploit 2 major security flaws in the chips that run most of the world’s computers. Here's what you can… https://t.co/bgUQkXBCyG,0.25,0.105,0.061,0.833,15
486,nytimes,Fri Jan 05 01:02:05 +0000 2018,Former Gov. Brendan T. Byrne of New Jersey has died. He helped bring gambling to Atlantic City and ushered in the s… https://t.co/IBvzkFuoQb,-0.5574,0.0,0.141,0.859,14
487,nytimes,Fri Jan 05 00:48:14 +0000 2018,Exclusive reporting on the Russia inquiry: President Trump ordered his lawyer to stop Jeff Sessions from recusing h… https://t.co/SahtkvL10m,-0.1779,0.072,0.106,0.821,13
488,nytimes,Fri Jan 05 00:42:08 +0000 2018,RT @nytmike: EXCLUSIVE: Mueller's Investigation reveals details of how Trump had WH counsel lobby Sessions not to recuse; how a WH lawyer t…,0.3254,0.143,0.0,0.857,12
489,nytimes,Fri Jan 05 00:32:05 +0000 2018,Steve Bannon’s remarks about Trump and his family further alienated some of Bannon’s most important backers https://t.co/t3YQ0O5GiS,0.2716,0.116,0.0,0.884,11
490,nytimes,Fri Jan 05 00:17:06 +0000 2018,What to watch on a snow day https://t.co/6uxC98PeiU,0.0,0.0,0.0,1.0,10
491,nytimes,Fri Jan 05 00:02:03 +0000 2018,"Those iguanas falling from the trees in Florida? They probably aren’t dead, just stunned by the cold. https://t.co/k0E8I0T2jQ",-0.743,0.0,0.327,0.673,9
492,nytimes,Thu Jan 04 23:48:02 +0000 2018,Evening Briefing: Here's what you need to know at the end of the day https://t.co/i4M1WfhrgQ,0.0,0.0,0.0,1.0,8
493,nytimes,Thu Jan 04 23:36:06 +0000 2018,RT @kenvogel: SCOOP: The Mercers split from Steve Bannon was so complete — &amp; so bitter — that they cut off funding for Bannon's private sec…,-0.5241,0.08,0.197,0.723,7
494,nytimes,Thu Jan 04 23:32:04 +0000 2018,"Icy water, pushed by a high tide, has flooded parts of Boston. Latest storm updates: https://t.co/48dYpzg7dF",0.0,0.0,0.0,1.0,6
495,nytimes,Thu Jan 04 23:17:07 +0000 2018,RT @dougmillsnyt: .@realDonaldTrump makes a statement about the economy via video as @PressSec looks on during her briefing at the White Ho…,0.0,0.0,0.0,1.0,5
496,nytimes,Thu Jan 04 23:01:42 +0000 2018,"Since Hurricane Maria, politicians have focused on delivering food, water and infrastructure to Puerto Rico. But a… https://t.co/OaoGo7pE1I",0.3818,0.133,0.0,0.867,4
497,nytimes,Thu Jan 04 22:45:12 +0000 2018,Who's the NFL's fastest man this season? You might be surprised. https://t.co/20JvjxhDzZ https://t.co/didN6dKQej,0.2263,0.137,0.0,0.863,3
498,nytimes,Thu Jan 04 22:36:10 +0000 2018,Disney says it's planning to apply a new measure on “do not disturb” signs to all Disney World resorts and Disneyla… https://t.co/rfy6ez4Crl,0.0,0.0,0.0,1.0,2
499,nytimes,Thu Jan 04 22:25:07 +0000 2018,Opinion: The snow cares not for your deadlines or your happy hour plans. You submit. Surrender. Hunker down.… https://t.co/Rj6c0KdmKa,0.7717,0.283,0.0,0.717,1
